Product_id,Partner_id,Scheme_1,Scheme_2,Scheme_3
AIS(Air Insulated Switchgear),"001_33, 004_51, 005_9, 006_19, 007_99, 008_97, 010_11, 011_30, 013_1, 016_70, 017_53, 019_64, 020_73, 022_48, 023_44, 029_72, 030_57, 032_35, 036_19, 038_80, 040_87, 041_98, 043_32, 045_7, 048_83, 051_81, 052_42, 053_37, 055_15, 058_93, 059_93, 060_70, 063_4, 064_21, 066_10, 069_59, 075_55, 076_73, 078_68, 081_22, 083_92, 084_18, 085_93, 086_12, 087_38, 088_28, 089_2, 092_75, 096_28, 098_52, 099_3, 101_66, 102_3, 103_4, 106_45, 109_61, 112_78, 113_80, 114_26, 115_66, 116_23, 118_25, 119_44, 121_13, 122_10, 126_19, 128_67, 130_78, 131_80, 132_39, 136_20, 137_81, 138_61, 139_88, 143_30, 144_34, 146_64, 147_49, 150_57, 154_35, 155_49, 160_80, 163_37, 165_89, 166_27, 167_61, 168_97, 169_6, 170_27, 172_5, 174_47, 176_67, 177_85, 178_31, 181_91, 183_93, 187_83, 190_10, 192_50, 193_87, 195_91, 197_9, 199_80, 201_79, 205_11, 206_99, 207_5, 212_99, 214_13, 216_62, 220_14, 222_54, 224_55, 225_10, 226_26, 227_79, 229_68, 232_33, 233_94, 234_6, 235_75, 237_61, 238_53, 239_8, 241_10, 242_81, 243_69, 244_5, 245_16, 246_10, 247_67, 250_97, 252_57, 253_67, 254_46, 255_48, 256_95, 257_58, 259_69, 264_82, 274_3, 275_96, 277_3, 280_68, 281_14, 282_21, 283_22, 284_6, 285_96, 286_22, 287_25, 288_79, 289_96, 290_18, 291_31, 293_67, 299_31, 301_34, 302_92, 303_14, 304_33, 306_34, 307_16, 308_48, 313_99, 315_41, 317_60, 319_26, 323_43, 325_52, 326_34, 327_77, 328_76, 329_14, 330_85, 332_92, 334_82, 338_17, 339_47, 340_80, 341_84, 343_38, 344_26, 345_93, 351_66, 358_34, 359_15, 360_62, 361_98, 362_31, 363_94, 364_12, 366_79, 370_37, 371_60, 375_36, 376_73, 379_98, 380_8, 383_6, 384_40, 385_38, 388_86, 389_51, 391_32, 393_74, 395_72, 397_67, 401_50, 402_65, 404_56, 405_13, 406_85, 409_39, 412_58, 414_33, 415_35, 416_14, 418_40, 420_42, 423_19, 424_64, 425_2, 427_74, 430_42, 431_28, 432_67, 433_63, 440_14, 441_84, 442_89, 443_10, 445_24, 447_78, 448_29, 449_3, 450_42, 451_87, 453_93, 456_20, 457_1, 458_3, 460_3, 461_10, 462_31, 463_40, 464_12, 467_31, 468_54, 469_23, 470_91, 471_22, 473_18, 474_26, 476_46, 477_96, 478_32, 479_13, 480_99, 482_74, 484_18, 485_83, 489_95, 490_12, 491_23, 492_57, 493_78, 494_14, 496_48, 497_45, 499_75, 505_94, 506_21, 508_12, 509_6, 511_94, 513_1, 515_65, 516_26, 518_35, 519_72, 522_20, 530_1, 533_72, 536_48, 537_61, 538_42, 541_42, 542_9, 546_81, 547_87, 549_93, 550_81, 556_32, 557_90, 558_89, 560_49, 561_79, 564_45, 567_47, 568_79, 569_24, 573_80, 574_66, 575_64, 577_41, 578_24, 580_76, 582_6, 584_5, 585_78, 586_39, 589_82, 590_92, 591_45, 592_81, 593_11, 594_98, 596_41, 597_73, 603_23, 606_89, 607_17, 609_32, 610_94, 611_23, 612_38, 613_54, 614_45, 617_59, 618_55, 622_53, 627_61, 628_44, 630_36, 637_5, 638_91, 639_11, 647_55, 650_13, 652_68, 653_7, 654_77, 657_95, 658_78, 659_74, 665_19, 666_20, 668_92, 669_86, 671_53, 676_33, 678_41, 686_99, 688_27, 690_27, 692_68, 693_54, 694_8, 696_47, 697_60, 698_19, 702_84, 704_86, 705_89, 706_83, 707_75, 708_68, 709_11, 711_43, 713_40, 715_54, 717_9, 719_84, 720_49, 722_56, 725_42, 726_16, 728_5, 729_57, 730_78, 731_18, 736_80, 737_87, 742_56, 744_90, 748_50, 752_10, 753_22, 754_4, 755_44, 762_11, 763_55, 764_35, 765_25, 766_94, 771_82, 772_17, 774_70, 775_92, 776_45, 777_90, 778_59, 780_25, 781_55, 788_87, 790_6, 794_70, 797_81, 798_18, 799_98, 800_42, 803_67, 804_42, 805_19, 806_40, 807_63, 811_4, 812_4, 814_10, 817_73, 818_30, 820_66, 821_88, 822_26, 825_34, 827_24, 830_46, 835_23, 837_22, 840_25, 841_3, 845_54, 846_76, 847_41, 849_9, 851_52, 853_1, 855_37, 856_9, 859_61, 862_13, 863_45, 864_32, 865_71, 866_19, 869_28, 871_89, 873_17, 878_69, 879_27, 880_22, 885_28, 886_35, 887_38, 888_13, 889_79, 890_45, 891_92, 892_81, 894_21, 896_3, 897_33, 898_73, 900_52, 901_48, 904_44, 906_37, 907_67, 908_97, 911_61, 914_3, 916_67, 918_98, 921_81, 923_60, 925_68, 926_84, 929_9, 930_63, 933_87, 935_43, 937_18, 938_45, 939_70, 941_91, 944_92, 945_24, 946_29, 948_78, 949_67, 951_5, 952_85, 953_82, 954_51, 956_92, 959_18, 960_28, 964_59, 965_36, 966_85, 968_77, 969_32, 970_51, 982_66, 983_27, 984_91, 987_18, 988_20, 989_91, 992_97, 993_90, 994_35, 995_52, 996_88, 1000_67",Bulk Purchase,Discount,Loyalty
RMU(Ring Main Unit),"004_51, 007_99, 008_97, 010_11, 014_50, 015_94, 022_48, 024_62, 025_96, 026_16, 027_44, 028_9, 029_72, 031_83, 032_35, 033_48, 039_29, 042_16, 043_32, 044_40, 048_83, 049_38, 050_95, 052_42, 054_2, 055_15, 056_15, 058_93, 059_93, 064_21, 065_72, 066_10, 070_85, 073_4, 075_55, 077_43, 078_68, 079_77, 082_14, 083_92, 085_93, 086_12, 088_28, 089_2, 092_75, 093_15, 095_3, 097_20, 098_52, 099_3, 100_52, 102_3, 105_9, 106_45, 107_28, 109_61, 111_33, 113_80, 115_66, 117_75, 118_25, 119_44, 120_41, 122_10, 124_50, 128_67, 129_82, 132_39, 133_50, 134_10, 140_14, 144_34, 153_78, 154_35, 155_49, 157_98, 158_16, 160_80, 161_17, 165_89, 166_27, 169_6, 171_84, 172_5, 175_72, 176_67, 177_85, 181_91, 183_93, 184_52, 187_83, 190_10, 194_5, 195_91, 198_4, 199_80, 200_98, 201_79, 202_57, 203_73, 204_38, 205_11, 208_30, 209_43, 210_86, 212_99, 214_13, 215_4, 221_49, 224_55, 228_78, 230_31, 231_12, 236_15, 237_61, 239_8, 240_83, 243_69, 244_5, 246_10, 247_67, 248_10, 252_57, 254_46, 256_95, 257_58, 259_69, 263_84, 268_6, 271_3, 272_36, 273_15, 275_96, 278_48, 281_14, 284_6, 285_96, 291_31, 295_73, 297_66, 298_40, 301_34, 303_14, 304_33, 319_26, 321_8, 324_3, 326_34, 327_77, 328_76, 330_85, 332_92, 334_82, 335_57, 336_39, 337_10, 338_17, 339_47, 341_84, 342_15, 343_38, 344_26, 346_3, 348_4, 349_4, 352_56, 356_91, 358_34, 359_15, 360_62, 363_94, 366_79, 367_16, 368_11, 369_20, 370_37, 371_60, 372_71, 373_94, 374_35, 376_73, 377_32, 379_98, 381_23, 384_40, 387_19, 391_32, 392_17, 393_74, 396_82, 399_25, 406_85, 408_48, 413_10, 417_75, 418_40, 419_92, 420_42, 421_4, 422_98, 423_19, 426_71, 427_74, 429_59, 432_67, 434_32, 436_3, 437_85, 440_14, 442_89, 445_24, 448_29, 449_3, 451_87, 452_39, 455_5, 457_1, 458_3, 460_3, 462_31, 469_23, 470_91, 471_22, 472_66, 473_18, 474_26, 475_60, 476_46, 477_96, 479_13, 481_77, 482_74, 484_18, 485_83, 486_99, 487_93, 488_18, 489_95, 491_23, 492_57, 495_89, 496_48, 501_46, 504_24, 509_6, 512_8, 515_65, 516_26, 517_2, 521_62, 522_20, 523_70, 524_53, 525_38, 526_27, 528_92, 532_87, 533_72, 534_15, 535_8, 539_36, 540_58, 542_9, 547_87, 549_93, 550_81, 551_97, 553_1, 554_17, 557_90, 558_89, 559_64, 562_93, 566_45, 567_47, 572_94, 573_80, 575_64, 578_24, 580_76, 581_18, 583_98, 585_78, 590_92, 594_98, 596_41, 599_81, 600_77, 601_49, 602_18, 604_66, 605_84, 609_32, 610_94, 611_23, 612_38, 614_45, 615_59, 618_55, 621_30, 625_58, 626_78, 627_61, 630_36, 631_36, 632_1, 633_17, 637_5, 638_91, 639_11, 640_84, 641_55, 642_38, 645_77, 647_55, 648_28, 650_13, 651_17, 652_68, 654_77, 656_70, 657_95, 659_74, 661_86, 662_74, 665_19, 671_53, 672_75, 673_45, 674_28, 675_14, 676_33, 677_94, 678_41, 681_58, 682_55, 683_46, 686_99, 687_13, 689_14, 690_27, 692_68, 695_19, 697_60, 698_19, 703_8, 704_86, 705_89, 706_83, 707_75, 709_11, 710_28, 712_74, 713_40, 716_2, 717_9, 719_84, 729_57, 731_18, 732_94, 736_80, 737_87, 740_93, 741_1, 742_56, 743_66, 744_90, 749_20, 751_56, 752_10, 753_22, 754_4, 756_5, 761_62, 763_55, 764_35, 765_25, 766_94, 772_17, 775_92, 779_50, 780_25, 781_55, 783_23, 785_90, 787_38, 788_87, 789_94, 790_6, 791_71, 793_75, 795_51, 796_58, 798_18, 800_42, 803_67, 804_42, 805_19, 807_63, 810_43, 811_4, 814_10, 815_22, 816_35, 817_73, 818_30, 820_66, 822_26, 825_34, 826_35, 829_75, 830_46, 831_44, 832_67, 837_22, 839_76, 840_25, 841_3, 845_54, 848_19, 849_9, 852_90, 855_37, 856_9, 858_82, 861_63, 864_32, 868_44, 869_28, 870_31, 874_9, 878_69, 882_52, 884_50, 889_79, 890_45, 894_21, 895_92, 897_33, 898_73, 900_52, 903_34, 905_55, 906_37, 912_89, 913_88, 914_3, 915_70, 921_81, 923_60, 925_68, 927_57, 928_70, 934_8, 937_18, 940_96, 941_91, 942_99, 944_92, 945_24, 946_29, 952_85, 954_51, 956_92, 957_88, 958_34, 959_18, 960_28, 961_90, 963_53, 964_59, 967_12, 969_32, 970_51, 971_38, 972_63, 977_37, 979_64, 980_60, 984_91, 993_90, 994_35, 995_52, 996_88, 998_91",Discount,Bulk Purchase,Loyalty
PSS(Compact Sub-Stations),"002_32, 003_8, 007_99, 008_97, 009_39, 010_11, 012_61, 014_50, 017_53, 018_74, 020_73, 021_39, 022_48, 023_44, 024_62, 026_16, 027_44, 028_9, 035_85, 036_19, 037_89, 040_87, 041_98, 042_16, 043_32, 044_40, 046_57, 047_59, 048_83, 051_81, 052_42, 053_37, 054_2, 055_15, 058_93, 059_93, 060_70, 062_2, 063_4, 066_10, 070_85, 071_94, 072_27, 075_55, 076_73, 077_43, 078_68, 080_35, 081_22, 083_92, 084_18, 086_12, 087_38, 090_40, 092_75, 093_15, 094_77, 096_28, 101_66, 103_4, 105_9, 106_45, 110_2, 113_80, 114_26, 115_66, 118_25, 119_44, 120_41, 121_13, 122_10, 123_48, 129_82, 130_78, 135_56, 138_61, 141_85, 143_30, 144_34, 145_62, 147_49, 148_23, 150_57, 154_35, 158_16, 162_86, 163_37, 164_85, 166_27, 167_61, 168_97, 169_6, 174_47, 176_67, 177_85, 178_31, 179_55, 180_55, 182_6, 183_93, 184_52, 187_83, 189_74, 192_50, 195_91, 196_97, 200_98, 201_79, 203_73, 207_5, 209_43, 212_99, 214_13, 215_4, 217_69, 220_14, 222_54, 224_55, 226_26, 228_78, 229_68, 231_12, 235_75, 237_61, 240_83, 242_81, 243_69, 245_16, 246_10, 248_10, 250_97, 253_67, 254_46, 256_95, 257_58, 258_69, 259_69, 261_88, 262_38, 263_84, 267_34, 270_6, 271_3, 272_36, 273_15, 275_96, 276_82, 280_68, 284_6, 285_96, 290_18, 294_14, 295_73, 296_63, 297_66, 298_40, 299_31, 300_35, 301_34, 304_33, 307_16, 310_36, 313_99, 314_79, 317_60, 320_38, 322_90, 324_3, 326_34, 328_76, 329_14, 331_43, 332_92, 333_65, 337_10, 339_47, 340_80, 342_15, 349_4, 353_31, 357_14, 358_34, 361_98, 362_31, 364_12, 365_74, 366_79, 368_11, 369_20, 371_60, 374_35, 381_23, 382_97, 387_19, 388_86, 394_78, 397_67, 401_50, 402_65, 403_97, 407_3, 408_48, 409_39, 410_87, 417_75, 418_40, 423_19, 427_74, 431_28, 432_67, 434_32, 437_85, 438_71, 439_42, 440_14, 442_89, 446_27, 447_78, 454_13, 455_5, 458_3, 459_91, 460_3, 462_31, 463_40, 464_12, 468_54, 470_91, 471_22, 473_18, 476_46, 479_13, 482_74, 485_83, 486_99, 488_18, 489_95, 491_23, 493_78, 498_50, 499_75, 500_95, 501_46, 502_22, 503_95, 505_94, 506_21, 507_84, 509_6, 513_1, 514_41, 516_26, 517_2, 518_35, 519_72, 520_98, 521_62, 525_38, 529_96, 530_1, 532_87, 534_15, 535_8, 536_48, 537_61, 540_58, 542_9, 543_80, 545_73, 546_81, 551_97, 552_78, 555_26, 557_90, 558_89, 562_93, 563_56, 565_20, 566_45, 568_79, 575_64, 576_30, 577_41, 578_24, 582_6, 585_78, 586_39, 588_12, 591_45, 592_81, 593_11, 594_98, 595_83, 596_41, 597_73, 598_96, 599_81, 600_77, 601_49, 602_18, 606_89, 608_60, 609_32, 612_38, 613_54, 614_45, 617_59, 618_55, 621_30, 622_53, 623_75, 624_61, 625_58, 626_78, 630_36, 632_1, 633_17, 636_45, 638_91, 640_84, 641_55, 645_77, 646_3, 647_55, 648_28, 650_13, 651_17, 653_7, 658_78, 659_74, 660_78, 663_96, 667_17, 668_92, 671_53, 672_75, 680_11, 685_37, 689_14, 692_68, 694_8, 695_19, 697_60, 699_73, 700_43, 706_83, 709_11, 716_2, 717_9, 722_56, 728_5, 732_94, 733_77, 734_76, 735_34, 737_87, 738_5, 739_71, 740_93, 741_1, 742_56, 743_66, 744_90, 745_84, 746_11, 747_84, 748_50, 749_20, 752_10, 753_22, 755_44, 756_5, 757_78, 762_11, 763_55, 765_25, 767_94, 768_92, 769_89, 770_3, 772_17, 773_59, 774_70, 775_92, 776_45, 777_90, 778_59, 780_25, 788_87, 791_71, 792_69, 793_75, 798_18, 800_42, 801_18, 802_39, 804_42, 805_19, 806_40, 807_63, 808_19, 809_26, 811_4, 813_60, 816_35, 817_73, 818_30, 819_86, 820_66, 821_88, 822_26, 825_34, 826_35, 830_46, 831_44, 837_22, 839_76, 841_3, 843_2, 845_54, 847_41, 848_19, 849_9, 852_90, 854_78, 855_37, 856_9, 857_72, 858_82, 860_1, 861_63, 862_13, 865_71, 866_19, 867_28, 869_28, 870_31, 871_89, 874_9, 879_27, 880_22, 881_99, 882_52, 885_28, 886_35, 887_38, 889_79, 890_45, 893_88, 894_21, 897_33, 901_48, 904_44, 907_67, 909_26, 910_79, 913_88, 914_3, 915_70, 922_23, 923_60, 924_72, 929_9, 932_49, 934_8, 936_55, 937_18, 938_45, 942_99, 943_6, 944_92, 947_74, 948_78, 950_17, 952_85, 953_82, 954_51, 956_92, 957_88, 959_18, 960_28, 961_90, 962_24, 966_85, 967_12, 968_77, 969_32, 971_38, 972_63, 973_90, 974_77, 975_11, 976_80, 980_60, 982_66, 984_91, 988_20, 991_1, 992_97, 994_35, 996_88, 998_91",Bulk Purchase,Loyalty,Discount
VCU(Vacuum Contactor Units),"001_33, 002_32, 003_8, 004_51, 008_97, 010_11, 011_30, 012_61, 013_1, 014_50, 016_70, 017_53, 018_74, 022_48, 023_44, 025_96, 027_44, 028_9, 031_83, 033_48, 034_36, 035_85, 036_19, 038_80, 040_87, 041_98, 042_16, 044_40, 045_7, 046_57, 047_59, 048_83, 053_37, 055_15, 059_93, 061_36, 062_2, 064_21, 067_17, 068_57, 071_94, 074_36, 076_73, 080_35, 082_14, 083_92, 084_18, 086_12, 088_28, 091_93, 092_75, 095_3, 099_3, 100_52, 101_66, 102_3, 103_4, 104_63, 105_9, 106_45, 113_80, 115_66, 116_23, 117_75, 118_25, 119_44, 121_13, 125_14, 126_19, 127_46, 128_67, 129_82, 130_78, 131_80, 133_50, 134_10, 135_56, 136_20, 138_61, 139_88, 141_85, 142_49, 145_62, 147_49, 151_43, 154_35, 156_6, 158_16, 159_32, 160_80, 161_17, 166_27, 167_61, 168_97, 172_5, 175_72, 178_31, 180_55, 185_28, 186_69, 187_83, 189_74, 191_20, 192_50, 193_87, 194_5, 195_91, 196_97, 198_4, 199_80, 200_98, 201_79, 202_57, 203_73, 210_86, 214_13, 216_62, 220_14, 222_54, 225_10, 226_26, 229_68, 230_31, 232_33, 234_6, 235_75, 236_15, 237_61, 242_81, 243_69, 245_16, 246_10, 249_35, 250_97, 251_32, 252_57, 255_48, 257_58, 260_5, 264_82, 265_56, 266_26, 268_6, 269_22, 270_6, 272_36, 273_15, 276_82, 277_3, 282_21, 285_96, 286_22, 287_25, 290_18, 292_38, 294_14, 297_66, 299_31, 300_35, 302_92, 303_14, 305_60, 306_34, 309_24, 310_36, 314_79, 316_11, 318_62, 319_26, 324_3, 325_52, 327_77, 329_14, 331_43, 332_92, 333_65, 336_39, 339_47, 344_26, 345_93, 346_3, 350_45, 351_66, 352_56, 353_31, 354_5, 356_91, 357_14, 358_34, 361_98, 363_94, 364_12, 369_20, 370_37, 378_49, 385_38, 387_19, 388_86, 389_51, 390_73, 391_32, 393_74, 395_72, 396_82, 397_67, 398_4, 399_25, 400_62, 403_97, 404_56, 405_13, 406_85, 408_48, 413_10, 414_33, 418_40, 421_4, 422_98, 425_2, 427_74, 429_59, 430_42, 432_67, 435_89, 437_85, 439_42, 440_14, 442_89, 445_24, 447_78, 449_3, 453_93, 454_13, 455_5, 456_20, 458_3, 459_91, 460_3, 461_10, 464_12, 465_52, 466_35, 467_31, 468_54, 470_91, 471_22, 473_18, 474_26, 475_60, 476_46, 477_96, 479_13, 480_99, 481_77, 482_74, 484_18, 485_83, 486_99, 488_18, 492_57, 496_48, 497_45, 498_50, 499_75, 500_95, 502_22, 503_95, 504_24, 505_94, 506_21, 507_84, 510_90, 511_94, 512_8, 513_1, 514_41, 519_72, 521_62, 522_20, 523_70, 526_27, 528_92, 530_1, 532_87, 534_15, 535_8, 540_58, 541_42, 543_80, 544_90, 545_73, 546_81, 547_87, 548_65, 550_81, 551_97, 553_1, 555_26, 556_32, 557_90, 559_64, 565_20, 566_45, 567_47, 568_79, 569_24, 570_37, 571_7, 575_64, 576_30, 578_24, 582_6, 585_78, 586_39, 588_12, 592_81, 598_96, 602_18, 603_23, 606_89, 607_17, 611_23, 616_28, 617_59, 618_55, 619_7, 620_61, 622_53, 623_75, 624_61, 626_78, 627_61, 628_44, 631_36, 635_18, 637_5, 638_91, 639_11, 640_84, 641_55, 642_38, 643_73, 645_77, 646_3, 647_55, 649_61, 650_13, 651_17, 653_7, 654_77, 655_72, 656_70, 660_78, 662_74, 664_22, 665_19, 666_20, 670_30, 672_75, 677_94, 680_11, 681_58, 682_55, 683_46, 684_94, 687_13, 689_14, 690_27, 691_63, 692_68, 693_54, 695_19, 699_73, 701_69, 703_8, 706_83, 711_43, 712_74, 713_40, 714_17, 715_54, 716_2, 717_9, 719_84, 720_49, 721_88, 722_56, 726_16, 730_78, 731_18, 733_77, 738_5, 740_93, 743_66, 748_50, 749_20, 750_47, 752_10, 757_78, 758_10, 760_71, 762_11, 764_35, 765_25, 766_94, 767_94, 768_92, 770_3, 771_82, 772_17, 773_59, 777_90, 778_59, 779_50, 780_25, 781_55, 782_63, 783_23, 785_90, 786_80, 787_38, 788_87, 789_94, 793_75, 795_51, 802_39, 808_19, 811_4, 812_4, 816_35, 817_73, 819_86, 825_34, 826_35, 830_46, 831_44, 832_67, 834_52, 836_28, 837_22, 839_76, 843_2, 844_69, 847_41, 848_19, 849_9, 850_67, 851_52, 853_1, 855_37, 856_9, 857_72, 858_82, 862_13, 863_45, 868_44, 869_28, 871_89, 872_94, 874_9, 875_54, 876_51, 879_27, 881_99, 883_49, 884_50, 887_38, 888_13, 892_81, 893_88, 895_92, 896_3, 898_73, 901_48, 904_44, 905_55, 911_61, 912_89, 915_70, 916_67, 917_2, 918_98, 922_23, 923_60, 925_68, 927_57, 930_63, 934_8, 935_43, 936_55, 942_99, 943_6, 944_92, 945_24, 947_74, 949_67, 950_17, 951_5, 952_85, 954_51, 955_55, 956_92, 957_88, 959_18, 960_28, 961_90, 962_24, 963_53, 965_36, 966_85, 967_12, 970_51, 972_63, 973_90, 974_77, 977_37, 979_64, 981_6, 984_91, 985_87, 986_3, 989_91, 990_83, 992_97, 993_90, 994_35, 997_84",Bulk Purchase,Loyalty,Discount
E-House,"005_9, 006_19, 007_99, 008_97, 009_39, 015_94, 016_70, 017_53, 018_74, 019_64, 020_73, 022_48, 023_44, 027_44, 029_72, 032_35, 033_48, 038_80, 039_29, 043_32, 044_40, 045_7, 046_57, 047_59, 048_83, 050_95, 056_15, 057_9, 060_70, 062_2, 063_4, 066_10, 067_17, 068_57, 069_59, 071_94, 074_36, 076_73, 077_43, 079_77, 082_14, 083_92, 091_93, 093_15, 094_77, 096_28, 097_20, 098_52, 101_66, 103_4, 105_9, 107_28, 108_71, 110_2, 114_26, 115_66, 116_23, 118_25, 119_44, 121_13, 122_10, 123_48, 126_19, 127_46, 128_67, 129_82, 131_80, 132_39, 136_20, 137_81, 140_14, 146_64, 147_49, 148_23, 150_57, 153_78, 154_35, 155_49, 156_6, 161_17, 164_85, 166_27, 167_61, 168_97, 172_5, 175_72, 176_67, 177_85, 178_31, 179_55, 180_55, 183_93, 184_52, 185_28, 186_69, 188_5, 192_50, 194_5, 197_9, 198_4, 199_80, 201_79, 202_57, 203_73, 205_11, 206_99, 210_86, 211_33, 215_4, 217_69, 219_93, 221_49, 222_54, 225_10, 227_79, 228_78, 230_31, 231_12, 233_94, 234_6, 237_61, 239_8, 241_10, 245_16, 246_10, 247_67, 248_10, 250_97, 254_46, 259_69, 260_5, 262_38, 263_84, 267_34, 268_6, 270_6, 275_96, 280_68, 281_14, 283_22, 285_96, 287_25, 289_96, 292_38, 294_14, 296_63, 297_66, 298_40, 300_35, 301_34, 302_92, 303_14, 304_33, 306_34, 307_16, 309_24, 311_67, 313_99, 314_79, 317_60, 318_62, 322_90, 323_43, 327_77, 328_76, 336_39, 337_10, 339_47, 343_38, 344_26, 345_93, 347_19, 349_4, 350_45, 354_5, 356_91, 357_14, 358_34, 361_98, 366_79, 369_20, 370_37, 372_71, 373_94, 375_36, 379_98, 380_8, 381_23, 383_6, 386_98, 387_19, 388_86, 389_51, 390_73, 391_32, 393_74, 394_78, 396_82, 399_25, 401_50, 402_65, 405_13, 406_85, 407_3, 408_48, 410_87, 411_17, 413_10, 414_33, 415_35, 416_14, 417_75, 418_40, 423_19, 424_64, 428_24, 433_63, 434_32, 435_89, 437_85, 438_71, 440_14, 441_84, 445_24, 447_78, 448_29, 449_3, 450_42, 455_5, 456_20, 457_1, 459_91, 461_10, 462_31, 464_12, 468_54, 469_23, 470_91, 473_18, 474_26, 475_60, 476_46, 478_32, 479_13, 480_99, 481_77, 482_74, 485_83, 487_93, 488_18, 490_12, 491_23, 500_95, 501_46, 502_22, 503_95, 504_24, 505_94, 506_21, 507_84, 514_41, 516_26, 517_2, 518_35, 521_62, 522_20, 526_27, 528_92, 529_96, 531_70, 532_87, 533_72, 534_15, 535_8, 537_61, 540_58, 541_42, 545_73, 546_81, 548_65, 551_97, 552_78, 553_1, 555_26, 556_32, 557_90, 558_89, 559_64, 562_93, 567_47, 569_24, 571_7, 574_66, 575_64, 576_30, 577_41, 584_5, 590_92, 593_11, 594_98, 596_41, 597_73, 598_96, 602_18, 603_23, 604_66, 608_60, 611_23, 613_54, 614_45, 616_28, 617_59, 618_55, 621_30, 622_53, 629_89, 630_36, 632_1, 633_17, 634_71, 635_18, 638_91, 639_11, 641_55, 643_73, 644_88, 645_77, 646_3, 648_28, 650_13, 653_7, 656_70, 657_95, 658_78, 659_74, 663_96, 665_19, 669_86, 670_30, 671_53, 673_45, 677_94, 678_41, 679_31, 680_11, 684_94, 686_99, 688_27, 690_27, 691_63, 693_54, 694_8, 697_60, 698_19, 702_84, 704_86, 705_89, 706_83, 707_75, 708_68, 709_11, 716_2, 717_9, 718_86, 720_49, 721_88, 725_42, 727_33, 728_5, 730_78, 731_18, 735_34, 736_80, 738_5, 739_71, 743_66, 744_90, 745_84, 746_11, 748_50, 749_20, 750_47, 752_10, 754_4, 756_5, 757_78, 758_10, 759_65, 761_62, 764_35, 765_25, 767_94, 770_3, 772_17, 773_59, 774_70, 775_92, 777_90, 778_59, 780_25, 783_23, 785_90, 788_87, 790_6, 791_71, 794_70, 796_58, 798_18, 799_98, 802_39, 803_67, 807_63, 808_19, 811_4, 812_4, 814_10, 816_35, 819_86, 820_66, 821_88, 822_26, 824_93, 825_34, 831_44, 832_67, 835_23, 840_25, 841_3, 842_14, 847_41, 848_19, 849_9, 850_67, 851_52, 852_90, 853_1, 855_37, 857_72, 861_63, 862_13, 863_45, 871_89, 874_9, 875_54, 876_51, 877_77, 878_69, 879_27, 883_49, 884_50, 885_28, 886_35, 888_13, 889_79, 890_45, 891_92, 895_92, 896_3, 897_33, 900_52, 903_34, 904_44, 905_55, 906_37, 907_67, 908_97, 910_79, 912_89, 914_3, 915_70, 917_2, 921_81, 922_23, 923_60, 924_72, 927_57, 928_70, 929_9, 932_49, 934_8, 936_55, 941_91, 943_6, 944_92, 945_24, 947_74, 948_78, 949_67, 954_51, 959_18, 961_90, 967_12, 969_32, 974_77, 975_11, 976_80, 977_37, 978_32, 980_60, 981_6, 982_66, 988_20, 993_90, 994_35, 998_91, 1000_67",Bulk Purchase,Discount,Loyalty
VCB(Vacuum Circuit Breaker),"001_33, 002_32, 003_8, 006_19, 007_99, 009_39, 012_61, 013_1, 014_50, 021_39, 024_62, 026_16, 027_44, 029_72, 030_57, 031_83, 032_35, 033_48, 034_36, 035_85, 037_89, 038_80, 040_87, 042_16, 043_32, 044_40, 047_59, 053_37, 054_2, 055_15, 056_15, 057_9, 059_93, 062_2, 063_4, 064_21, 067_17, 068_57, 069_59, 070_85, 071_94, 074_36, 077_43, 078_68, 081_22, 082_14, 087_38, 089_2, 090_40, 091_93, 095_3, 097_20, 100_52, 101_66, 102_3, 103_4, 106_45, 107_28, 108_71, 110_2, 111_33, 113_80, 117_75, 118_25, 121_13, 123_48, 124_50, 125_14, 128_67, 129_82, 130_78, 133_50, 141_85, 143_30, 144_34, 147_49, 151_43, 152_89, 154_35, 156_6, 159_32, 161_17, 163_37, 166_27, 167_61, 168_97, 169_6, 174_47, 175_72, 176_67, 179_55, 180_55, 181_91, 183_93, 184_52, 188_5, 189_74, 193_87, 195_91, 200_98, 201_79, 204_38, 208_30, 209_43, 211_33, 213_50, 214_13, 217_69, 219_93, 220_14, 221_49, 223_26, 226_26, 228_78, 229_68, 230_31, 231_12, 237_61, 239_8, 240_83, 241_10, 244_5, 246_10, 247_67, 251_32, 252_57, 256_95, 261_88, 262_38, 264_82, 265_56, 268_6, 270_6, 273_15, 277_3, 279_33, 280_68, 281_14, 283_22, 284_6, 285_96, 288_79, 289_96, 291_31, 292_38, 294_14, 295_73, 296_63, 298_40, 301_34, 303_14, 306_34, 307_16, 310_36, 312_7, 313_99, 315_41, 317_60, 318_62, 319_26, 323_43, 325_52, 329_14, 330_85, 332_92, 333_65, 335_57, 336_39, 337_10, 339_47, 344_26, 345_93, 347_19, 351_66, 352_56, 356_91, 357_14, 360_62, 364_12, 365_74, 370_37, 373_94, 374_35, 375_36, 377_32, 378_49, 381_23, 382_97, 383_6, 386_98, 388_86, 389_51, 391_32, 393_74, 394_78, 396_82, 405_13, 407_3, 408_48, 409_39, 411_17, 412_58, 413_10, 414_33, 415_35, 416_14, 420_42, 421_4, 423_19, 426_71, 428_24, 429_59, 432_67, 433_63, 434_32, 435_89, 438_71, 440_14, 445_24, 447_78, 448_29, 449_3, 452_39, 453_93, 455_5, 456_20, 458_3, 460_3, 461_10, 463_40, 465_52, 466_35, 468_54, 469_23, 471_22, 473_18, 474_26, 476_46, 481_77, 484_18, 487_93, 488_18, 490_12, 491_23, 493_78, 494_14, 496_48, 499_75, 500_95, 503_95, 505_94, 507_84, 516_26, 518_35, 520_98, 524_53, 525_38, 526_27, 529_96, 532_87, 534_15, 535_8, 537_61, 539_36, 540_58, 541_42, 543_80, 544_90, 546_81, 547_87, 548_65, 549_93, 551_97, 553_1, 556_32, 558_89, 559_64, 561_79, 567_47, 568_79, 575_64, 576_30, 577_41, 580_76, 581_18, 582_6, 583_98, 584_5, 586_39, 587_17, 588_12, 589_82, 590_92, 591_45, 593_11, 594_98, 596_41, 598_96, 599_81, 607_17, 609_32, 610_94, 611_23, 613_54, 618_55, 621_30, 626_78, 628_44, 630_36, 632_1, 635_18, 636_45, 640_84, 641_55, 644_88, 646_3, 648_28, 652_68, 656_70, 657_95, 661_86, 663_96, 666_20, 669_86, 671_53, 672_75, 676_33, 677_94, 678_41, 679_31, 680_11, 683_46, 684_94, 687_13, 689_14, 691_63, 693_54, 694_8, 697_60, 698_19, 701_69, 707_75, 708_68, 710_28, 712_74, 713_40, 714_17, 718_86, 719_84, 720_49, 721_88, 724_39, 726_16, 728_5, 730_78, 736_80, 742_56, 743_66, 745_84, 747_84, 749_20, 750_47, 751_56, 752_10, 753_22, 754_4, 755_44, 756_5, 758_10, 762_11, 763_55, 765_25, 767_94, 769_89, 770_3, 771_82, 774_70, 775_92, 777_90, 778_59, 780_25, 781_55, 783_23, 784_16, 785_90, 786_80, 787_38, 788_87, 789_94, 790_6, 791_71, 792_69, 793_75, 795_51, 799_98, 800_42, 801_18, 802_39, 804_42, 805_19, 806_40, 808_19, 810_43, 811_4, 814_10, 815_22, 817_73, 818_30, 820_66, 821_88, 822_26, 825_34, 826_35, 830_46, 832_67, 836_28, 839_76, 840_25, 842_14, 844_69, 847_41, 849_9, 850_67, 859_61, 863_45, 864_32, 867_28, 868_44, 869_28, 871_89, 873_17, 874_9, 875_54, 876_51, 879_27, 881_99, 882_52, 883_49, 885_28, 887_38, 890_45, 898_73, 899_10, 903_34, 904_44, 907_67, 909_26, 913_88, 915_70, 916_67, 917_2, 920_29, 923_60, 924_72, 925_68, 926_84, 929_9, 931_38, 933_87, 934_8, 935_43, 937_18, 938_45, 941_91, 944_92, 945_24, 948_78, 950_17, 951_5, 954_51, 956_92, 958_34, 961_90, 962_24, 963_53, 967_12, 968_77, 969_32, 971_38, 974_77, 975_11, 976_80, 977_37, 979_64, 981_6, 985_87, 989_91, 993_90, 996_88, 1000_67",Bulk Purchase,Discount,Loyalty
ACB(Air Circuit Breaker),"001_33, 002_32, 003_8, 005_9, 008_97, 009_39, 010_11, 011_30, 012_61, 013_1, 016_70, 018_74, 021_39, 022_48, 024_62, 026_16, 027_44, 028_9, 030_57, 031_83, 033_48, 035_85, 037_89, 038_80, 039_29, 040_87, 041_98, 042_16, 046_57, 050_95, 051_81, 053_37, 055_15, 060_70, 065_72, 066_10, 067_17, 070_85, 071_94, 073_4, 075_55, 078_68, 080_35, 084_18, 085_93, 086_12, 087_38, 089_2, 090_40, 092_75, 093_15, 094_77, 095_3, 098_52, 099_3, 100_52, 109_61, 110_2, 112_78, 113_80, 114_26, 115_66, 117_75, 119_44, 120_41, 122_10, 123_48, 124_50, 125_14, 127_46, 128_67, 131_80, 132_39, 134_10, 138_61, 139_88, 141_85, 142_49, 143_30, 144_34, 145_62, 146_64, 148_23, 149_36, 151_43, 152_89, 154_35, 156_6, 159_32, 160_80, 161_17, 162_86, 165_89, 166_27, 167_61, 168_97, 169_6, 171_84, 173_79, 177_85, 178_31, 180_55, 181_91, 182_6, 185_28, 186_69, 188_5, 194_5, 195_91, 198_4, 200_98, 201_79, 203_73, 204_38, 206_99, 210_86, 212_99, 213_50, 214_13, 215_4, 216_62, 218_84, 219_93, 220_14, 221_49, 222_54, 226_26, 229_68, 231_12, 233_94, 234_6, 235_75, 238_53, 239_8, 242_81, 243_69, 244_5, 245_16, 246_10, 247_67, 248_10, 253_67, 255_48, 257_58, 260_5, 263_84, 264_82, 265_56, 270_6, 271_3, 272_36, 274_3, 276_82, 277_3, 278_48, 279_33, 281_14, 283_22, 284_6, 285_96, 286_22, 288_79, 289_96, 295_73, 296_63, 297_66, 300_35, 301_34, 303_14, 306_34, 307_16, 308_48, 309_24, 310_36, 312_7, 314_79, 317_60, 320_38, 323_43, 325_52, 326_34, 330_85, 331_43, 333_65, 334_82, 335_57, 337_10, 341_84, 342_15, 343_38, 344_26, 346_3, 347_19, 353_31, 355_42, 356_91, 357_14, 359_15, 360_62, 363_94, 364_12, 365_74, 367_16, 372_71, 373_94, 374_35, 376_73, 379_98, 383_6, 384_40, 385_38, 386_98, 389_51, 390_73, 391_32, 392_17, 393_74, 395_72, 396_82, 397_67, 400_62, 405_13, 407_3, 408_48, 409_39, 412_58, 417_75, 418_40, 420_42, 421_4, 423_19, 426_71, 427_74, 431_28, 432_67, 433_63, 435_89, 436_3, 437_85, 441_84, 444_48, 447_78, 448_29, 449_3, 451_87, 452_39, 454_13, 455_5, 457_1, 458_3, 459_91, 460_3, 461_10, 463_40, 466_35, 468_54, 471_22, 474_26, 478_32, 483_78, 484_18, 487_93, 489_95, 490_12, 491_23, 492_57, 494_14, 497_45, 498_50, 499_75, 501_46, 503_95, 504_24, 506_21, 508_12, 510_90, 511_94, 512_8, 513_1, 516_26, 517_2, 518_35, 520_98, 521_62, 522_20, 523_70, 525_38, 528_92, 530_1, 531_70, 533_72, 534_15, 536_48, 538_42, 539_36, 540_58, 543_80, 544_90, 547_87, 549_93, 550_81, 552_78, 555_26, 556_32, 557_90, 561_79, 562_93, 565_20, 567_47, 568_79, 569_24, 570_37, 571_7, 572_94, 573_80, 575_64, 576_30, 577_41, 578_24, 580_76, 581_18, 582_6, 583_98, 584_5, 585_78, 587_17, 588_12, 589_82, 591_45, 592_81, 593_11, 595_83, 597_73, 598_96, 599_81, 600_77, 602_18, 603_23, 605_84, 606_89, 608_60, 611_23, 612_38, 615_59, 618_55, 620_61, 621_30, 622_53, 623_75, 625_58, 626_78, 627_61, 628_44, 629_89, 630_36, 631_36, 632_1, 633_17, 634_71, 638_91, 639_11, 642_38, 644_88, 646_3, 647_55, 650_13, 652_68, 654_77, 657_95, 658_78, 659_74, 660_78, 662_74, 664_22, 670_30, 676_33, 677_94, 680_11, 681_58, 682_55, 688_27, 689_14, 691_63, 692_68, 694_8, 696_47, 697_60, 698_19, 700_43, 703_8, 704_86, 705_89, 706_83, 709_11, 710_28, 713_40, 723_46, 726_16, 729_57, 731_18, 732_94, 733_77, 737_87, 738_5, 740_93, 741_1, 742_56, 743_66, 745_84, 746_11, 747_84, 748_50, 749_20, 750_47, 751_56, 752_10, 755_44, 759_65, 761_62, 763_55, 766_94, 768_92, 770_3, 771_82, 772_17, 780_25, 783_23, 784_16, 785_90, 786_80, 787_38, 791_71, 792_69, 794_70, 798_18, 799_98, 800_42, 801_18, 806_40, 807_63, 808_19, 809_26, 811_4, 812_4, 816_35, 819_86, 820_66, 821_88, 822_26, 823_29, 830_46, 834_52, 835_23, 837_22, 838_90, 840_25, 842_14, 843_2, 845_54, 847_41, 849_9, 854_78, 855_37, 857_72, 859_61, 860_1, 861_63, 862_13, 864_32, 865_71, 867_28, 868_44, 871_89, 872_94, 875_54, 877_77, 879_27, 880_22, 882_52, 883_49, 885_28, 886_35, 889_79, 891_92, 892_81, 893_88, 894_21, 895_92, 900_52, 901_48, 902_16, 903_34, 904_44, 908_97, 909_26, 912_89, 915_70, 916_67, 918_98, 920_29, 922_23, 924_72, 926_84, 928_70, 929_9, 931_38, 932_49, 933_87, 934_8, 938_45, 939_70, 940_96, 942_99, 944_92, 946_29, 947_74, 954_51, 958_34, 959_18, 961_90, 962_24, 963_53, 966_85, 968_77, 970_51, 974_77, 977_37, 979_64, 980_60, 981_6, 982_66, 986_3, 987_18, 988_20, 989_91, 990_83, 993_90, 995_52, 996_88, 997_84, 998_91, 999_98, 1000_67",Loyalty,Bulk Purchase,Discount
MCCB(Moduled Case Circuit Breaker),"001_33, 004_51, 005_9, 007_99, 008_97, 013_1, 016_70, 017_53, 020_73, 023_44, 025_96, 027_44, 028_9, 031_83, 034_36, 036_19, 042_16, 046_57, 047_59, 049_38, 050_95, 052_42, 053_37, 054_2, 055_15, 056_15, 058_93, 059_93, 060_70, 061_36, 062_2, 063_4, 065_72, 068_57, 069_59, 070_85, 071_94, 072_27, 073_4, 074_36, 075_55, 081_22, 082_14, 083_92, 084_18, 087_38, 096_28, 097_20, 098_52, 099_3, 100_52, 101_66, 102_3, 103_4, 105_9, 108_71, 112_78, 113_80, 115_66, 117_75, 122_10, 124_50, 125_14, 126_19, 127_46, 130_78, 132_39, 134_10, 135_56, 137_81, 139_88, 144_34, 147_49, 148_23, 153_78, 154_35, 155_49, 157_98, 158_16, 160_80, 161_17, 162_86, 163_37, 170_27, 174_47, 176_67, 177_85, 178_31, 179_55, 180_55, 182_6, 184_52, 185_28, 192_50, 193_87, 194_5, 196_97, 198_4, 201_79, 203_73, 204_38, 205_11, 208_30, 210_86, 211_33, 214_13, 215_4, 216_62, 217_69, 220_14, 221_49, 222_54, 224_55, 226_26, 227_79, 229_68, 230_31, 231_12, 233_94, 239_8, 242_81, 244_5, 245_16, 246_10, 247_67, 248_10, 250_97, 251_32, 252_57, 253_67, 256_95, 257_58, 258_69, 262_38, 263_84, 264_82, 265_56, 268_6, 269_22, 270_6, 271_3, 272_36, 274_3, 281_14, 282_21, 283_22, 284_6, 285_96, 289_96, 290_18, 293_67, 294_14, 297_66, 298_40, 300_35, 302_92, 303_14, 308_48, 310_36, 315_41, 317_60, 321_8, 322_90, 325_52, 326_34, 328_76, 332_92, 333_65, 335_57, 337_10, 341_84, 342_15, 343_38, 346_3, 350_45, 351_66, 352_56, 356_91, 359_15, 360_62, 361_98, 363_94, 369_20, 370_37, 373_94, 376_73, 378_49, 379_98, 381_23, 383_6, 387_19, 389_51, 394_78, 396_82, 397_67, 401_50, 403_97, 407_3, 408_48, 410_87, 411_17, 412_58, 414_33, 418_40, 419_92, 420_42, 421_4, 422_98, 423_19, 425_2, 426_71, 427_74, 428_24, 429_59, 430_42, 432_67, 433_63, 437_85, 438_71, 439_42, 440_14, 441_84, 442_89, 443_10, 444_48, 446_27, 447_78, 449_3, 452_39, 454_13, 457_1, 459_91, 460_3, 464_12, 465_52, 468_54, 469_23, 475_60, 476_46, 477_96, 479_13, 480_99, 483_78, 488_18, 490_12, 492_57, 496_48, 497_45, 499_75, 500_95, 501_46, 504_24, 506_21, 507_84, 508_12, 509_6, 511_94, 512_8, 513_1, 515_65, 517_2, 520_98, 521_62, 523_70, 524_53, 525_38, 532_87, 535_8, 536_48, 538_42, 540_58, 541_42, 543_80, 546_81, 549_93, 552_78, 555_26, 556_32, 557_90, 558_89, 559_64, 560_49, 561_79, 562_93, 563_56, 564_45, 565_20, 566_45, 574_66, 575_64, 577_41, 578_24, 579_51, 580_76, 581_18, 584_5, 585_78, 586_39, 587_17, 589_82, 590_92, 591_45, 593_11, 598_96, 599_81, 602_18, 603_23, 608_60, 612_38, 615_59, 620_61, 625_58, 628_44, 630_36, 633_17, 635_18, 638_91, 640_84, 641_55, 642_38, 644_88, 645_77, 646_3, 647_55, 648_28, 650_13, 651_17, 654_77, 655_72, 658_78, 660_78, 661_86, 662_74, 664_22, 665_19, 666_20, 667_17, 669_86, 672_75, 673_45, 674_28, 676_33, 677_94, 678_41, 685_37, 687_13, 689_14, 691_63, 692_68, 693_54, 695_19, 697_60, 698_19, 699_73, 703_8, 704_86, 705_89, 706_83, 708_68, 711_43, 712_74, 713_40, 714_17, 715_54, 718_86, 719_84, 720_49, 722_56, 725_42, 726_16, 728_5, 730_78, 731_18, 732_94, 738_5, 739_71, 740_93, 741_1, 744_90, 747_84, 748_50, 749_20, 750_47, 752_10, 754_4, 755_44, 757_78, 759_65, 760_71, 761_62, 762_11, 763_55, 765_25, 768_92, 769_89, 770_3, 772_17, 776_45, 778_59, 779_50, 782_63, 784_16, 785_90, 788_87, 789_94, 790_6, 791_71, 794_70, 795_51, 800_42, 801_18, 802_39, 806_40, 808_19, 809_26, 810_43, 811_4, 813_60, 815_22, 816_35, 817_73, 818_30, 822_26, 824_93, 825_34, 827_24, 828_67, 829_75, 833_7, 834_52, 835_23, 840_25, 841_3, 842_14, 846_76, 847_41, 852_90, 853_1, 856_9, 858_82, 861_63, 864_32, 867_28, 871_89, 872_94, 874_9, 876_51, 877_77, 878_69, 879_27, 882_52, 884_50, 885_28, 889_79, 891_92, 892_81, 897_33, 898_73, 900_52, 901_48, 903_34, 907_67, 910_79, 913_88, 914_3, 915_70, 917_2, 918_98, 919_93, 920_29, 921_81, 922_23, 923_60, 924_72, 925_68, 927_57, 928_70, 930_63, 931_38, 932_49, 935_43, 936_55, 937_18, 940_96, 942_99, 947_74, 949_67, 953_82, 954_51, 956_92, 958_34, 960_28, 962_24, 963_53, 964_59, 965_36, 973_90, 974_77, 977_37, 978_32, 980_60, 981_6, 982_66, 983_27, 985_87, 986_3, 987_18, 988_20, 989_91, 991_1, 993_90, 994_35, 997_84, 998_91, 1000_67",Bulk Purchase,Discount,Loyalty
SDF(Switch Disconnectors),"002_32, 004_51, 006_19, 007_99, 008_97, 009_39, 010_11, 014_50, 015_94, 016_70, 020_73, 022_48, 024_62, 025_96, 026_16, 027_44, 028_9, 029_72, 032_35, 037_89, 038_80, 039_29, 040_87, 042_16, 049_38, 052_42, 060_70, 061_36, 062_2, 063_4, 064_21, 066_10, 067_17, 068_57, 069_59, 070_85, 072_27, 073_4, 076_73, 080_35, 081_22, 082_14, 083_92, 086_12, 090_40, 091_93, 093_15, 095_3, 096_28, 097_20, 098_52, 099_3, 100_52, 104_63, 105_9, 108_71, 109_61, 110_2, 112_78, 113_80, 114_26, 115_66, 116_23, 118_25, 119_44, 124_50, 128_67, 130_78, 132_39, 134_10, 136_20, 140_14, 141_85, 143_30, 146_64, 149_36, 150_57, 152_89, 153_78, 154_35, 155_49, 158_16, 160_80, 161_17, 162_86, 163_37, 164_85, 166_27, 170_27, 171_84, 172_5, 173_79, 174_47, 175_72, 176_67, 177_85, 179_55, 181_91, 187_83, 189_74, 192_50, 193_87, 195_91, 196_97, 197_9, 199_80, 201_79, 203_73, 204_38, 208_30, 211_33, 212_99, 214_13, 215_4, 221_49, 223_26, 225_10, 228_78, 231_12, 233_94, 234_6, 235_75, 240_83, 241_10, 242_81, 245_16, 249_35, 250_97, 251_32, 252_57, 253_67, 257_58, 262_38, 263_84, 264_82, 266_26, 268_6, 272_36, 274_3, 276_82, 278_48, 279_33, 281_14, 282_21, 284_6, 285_96, 287_25, 289_96, 290_18, 292_38, 293_67, 294_14, 296_63, 303_14, 305_60, 306_34, 307_16, 308_48, 309_24, 311_67, 312_7, 313_99, 314_79, 317_60, 318_62, 319_26, 320_38, 321_8, 323_43, 324_3, 325_52, 329_14, 330_85, 332_92, 334_82, 335_57, 338_17, 339_47, 340_80, 341_84, 343_38, 348_4, 350_45, 352_56, 354_5, 356_91, 357_14, 359_15, 360_62, 361_98, 362_31, 363_94, 366_79, 367_16, 369_20, 370_37, 373_94, 374_35, 375_36, 379_98, 381_23, 383_6, 385_38, 388_86, 390_73, 391_32, 392_17, 393_74, 395_72, 396_82, 400_62, 401_50, 403_97, 407_3, 408_48, 410_87, 411_17, 412_58, 414_33, 415_35, 416_14, 417_75, 418_40, 422_98, 424_64, 425_2, 427_74, 430_42, 432_67, 433_63, 434_32, 438_71, 439_42, 440_14, 442_89, 445_24, 446_27, 447_78, 448_29, 456_20, 457_1, 459_91, 460_3, 463_40, 464_12, 465_52, 467_31, 468_54, 469_23, 471_22, 472_66, 475_60, 476_46, 478_32, 479_13, 480_99, 481_77, 482_74, 483_78, 484_18, 485_83, 486_99, 488_18, 489_95, 490_12, 491_23, 492_57, 494_14, 496_48, 497_45, 501_46, 503_95, 504_24, 505_94, 508_12, 511_94, 513_1, 515_65, 516_26, 517_2, 520_98, 522_20, 525_38, 526_27, 527_32, 528_92, 531_70, 532_87, 533_72, 534_15, 538_42, 539_36, 540_58, 543_80, 544_90, 545_73, 547_87, 551_97, 552_78, 553_1, 555_26, 556_32, 559_64, 560_49, 562_93, 565_20, 566_45, 568_79, 569_24, 570_37, 576_30, 578_24, 579_51, 580_76, 582_6, 583_98, 584_5, 585_78, 586_39, 589_82, 591_45, 595_83, 597_73, 598_96, 599_81, 600_77, 602_18, 604_66, 607_17, 608_60, 612_38, 613_54, 614_45, 617_59, 619_7, 621_30, 622_53, 624_61, 625_58, 630_36, 631_36, 632_1, 633_17, 636_45, 641_55, 643_73, 644_88, 645_77, 646_3, 647_55, 648_28, 649_61, 650_13, 653_7, 654_77, 655_72, 656_70, 657_95, 659_74, 660_78, 662_74, 663_96, 664_22, 668_92, 669_86, 670_30, 676_33, 677_94, 679_31, 680_11, 681_58, 683_46, 684_94, 685_37, 686_99, 687_13, 690_27, 691_63, 692_68, 695_19, 699_73, 702_84, 703_8, 704_86, 708_68, 710_28, 711_43, 713_40, 716_2, 718_86, 719_84, 722_56, 724_39, 727_33, 728_5, 729_57, 730_78, 736_80, 738_5, 739_71, 741_1, 743_66, 744_90, 745_84, 747_84, 748_50, 751_56, 753_22, 754_4, 757_78, 758_10, 762_11, 766_94, 767_94, 768_92, 769_89, 770_3, 771_82, 774_70, 775_92, 776_45, 777_90, 779_50, 780_25, 781_55, 784_16, 787_38, 792_69, 793_75, 794_70, 795_51, 797_81, 799_98, 800_42, 802_39, 804_42, 806_40, 807_63, 810_43, 814_10, 816_35, 821_88, 822_26, 824_93, 825_34, 826_35, 828_67, 832_67, 834_52, 836_28, 843_2, 844_69, 847_41, 848_19, 850_67, 855_37, 859_61, 860_1, 862_13, 863_45, 864_32, 867_28, 868_44, 869_28, 870_31, 873_17, 876_51, 877_77, 878_69, 883_49, 885_28, 886_35, 889_79, 891_92, 895_92, 897_33, 899_10, 901_48, 902_16, 906_37, 907_67, 911_61, 912_89, 913_88, 917_2, 920_29, 921_81, 927_57, 932_49, 937_18, 938_45, 941_91, 942_99, 946_29, 954_51, 956_92, 958_34, 959_18, 961_90, 962_24, 963_53, 964_59, 966_85, 968_77, 969_32, 972_63, 975_11, 978_32, 983_27, 984_91, 990_83, 991_1, 992_97, 993_90, 994_35, 995_52, 997_84, 999_98",Bulk Purchase,Loyalty,Discount
BBT(Busbar Trunking),"003_8, 005_9, 006_19, 007_99, 008_97, 009_39, 011_30, 013_1, 014_50, 017_53, 018_74, 021_39, 022_48, 024_62, 025_96, 027_44, 029_72, 030_57, 031_83, 036_19, 038_80, 039_29, 040_87, 041_98, 043_32, 045_7, 046_57, 047_59, 050_95, 051_81, 055_15, 057_9, 058_93, 059_93, 060_70, 061_36, 063_4, 064_21, 067_17, 068_57, 069_59, 071_94, 073_4, 074_36, 075_55, 078_68, 079_77, 081_22, 083_92, 085_93, 086_12, 087_38, 089_2, 092_75, 093_15, 094_77, 099_3, 102_3, 104_63, 105_9, 107_28, 108_71, 115_66, 117_75, 120_41, 123_48, 124_50, 126_19, 130_78, 132_39, 133_50, 135_56, 136_20, 137_81, 140_14, 141_85, 142_49, 144_34, 149_36, 150_57, 151_43, 153_78, 154_35, 156_6, 158_16, 159_32, 160_80, 161_17, 162_86, 163_37, 166_27, 167_61, 168_97, 169_6, 173_79, 174_47, 175_72, 176_67, 178_31, 179_55, 181_91, 182_6, 183_93, 185_28, 188_5, 189_74, 191_20, 192_50, 193_87, 195_91, 198_4, 199_80, 200_98, 201_79, 203_73, 204_38, 206_99, 211_33, 217_69, 219_93, 220_14, 221_49, 223_26, 228_78, 238_53, 240_83, 245_16, 247_67, 249_35, 257_58, 259_69, 261_88, 262_38, 266_26, 267_34, 270_6, 272_36, 273_15, 275_96, 280_68, 283_22, 284_6, 285_96, 287_25, 293_67, 295_73, 305_60, 310_36, 311_67, 312_7, 313_99, 319_26, 320_38, 321_8, 322_90, 331_43, 332_92, 335_57, 338_17, 339_47, 342_15, 343_38, 345_93, 346_3, 351_66, 352_56, 354_5, 355_42, 356_91, 358_34, 361_98, 365_74, 366_79, 368_11, 373_94, 374_35, 378_49, 381_23, 383_6, 384_40, 385_38, 386_98, 388_86, 389_51, 390_73, 391_32, 392_17, 393_74, 395_72, 397_67, 401_50, 404_56, 405_13, 406_85, 409_39, 411_17, 416_14, 417_75, 419_92, 421_4, 423_19, 424_64, 425_2, 427_74, 428_24, 429_59, 430_42, 435_89, 438_71, 441_84, 442_89, 445_24, 446_27, 447_78, 448_29, 449_3, 453_93, 454_13, 458_3, 460_3, 461_10, 462_31, 466_35, 469_23, 471_22, 474_26, 477_96, 478_32, 479_13, 480_99, 481_77, 485_83, 486_99, 488_18, 497_45, 498_50, 503_95, 504_24, 505_94, 508_12, 509_6, 510_90, 512_8, 516_26, 517_2, 518_35, 520_98, 522_20, 524_53, 525_38, 528_92, 529_96, 530_1, 533_72, 535_8, 536_48, 538_42, 547_87, 551_97, 557_90, 559_64, 560_49, 562_93, 563_56, 564_45, 565_20, 567_47, 568_79, 569_24, 571_7, 572_94, 574_66, 576_30, 578_24, 580_76, 581_18, 582_6, 584_5, 588_12, 590_92, 594_98, 598_96, 599_81, 600_77, 602_18, 606_89, 607_17, 608_60, 609_32, 610_94, 611_23, 612_38, 614_45, 616_28, 617_59, 618_55, 621_30, 622_53, 623_75, 624_61, 626_78, 628_44, 629_89, 630_36, 632_1, 633_17, 634_71, 636_45, 642_38, 645_77, 646_3, 648_28, 649_61, 650_13, 651_17, 652_68, 653_7, 656_70, 658_78, 661_86, 662_74, 664_22, 666_20, 667_17, 668_92, 673_45, 674_28, 675_14, 676_33, 680_11, 681_58, 683_46, 690_27, 692_68, 693_54, 695_19, 702_84, 703_8, 705_89, 706_83, 711_43, 712_74, 715_54, 721_88, 722_56, 723_46, 726_16, 727_33, 728_5, 729_57, 731_18, 732_94, 734_76, 735_34, 736_80, 737_87, 738_5, 740_93, 741_1, 742_56, 744_90, 745_84, 747_84, 748_50, 749_20, 750_47, 751_56, 757_78, 759_65, 760_71, 763_55, 765_25, 766_94, 769_89, 775_92, 776_45, 779_50, 780_25, 781_55, 782_63, 783_23, 784_16, 786_80, 788_87, 789_94, 790_6, 793_75, 794_70, 795_51, 798_18, 799_98, 800_42, 802_39, 805_19, 807_63, 811_4, 815_22, 817_73, 820_66, 821_88, 822_26, 823_29, 826_35, 827_24, 830_46, 835_23, 836_28, 837_22, 838_90, 840_25, 841_3, 843_2, 844_69, 846_76, 848_19, 849_9, 850_67, 851_52, 853_1, 857_72, 860_1, 861_63, 862_13, 863_45, 867_28, 868_44, 871_89, 872_94, 874_9, 875_54, 878_69, 880_22, 882_52, 885_28, 888_13, 890_45, 893_88, 894_21, 895_92, 896_3, 898_73, 899_10, 900_52, 905_55, 906_37, 908_97, 911_61, 913_88, 914_3, 917_2, 918_98, 920_29, 921_81, 922_23, 923_60, 925_68, 926_84, 927_57, 928_70, 929_9, 930_63, 931_38, 932_49, 934_8, 936_55, 937_18, 938_45, 942_99, 943_6, 944_92, 945_24, 946_29, 947_74, 952_85, 954_51, 958_34, 966_85, 967_12, 968_77, 970_51, 974_77, 977_37, 978_32, 979_64, 980_60, 981_6, 985_87, 986_3, 987_18, 988_20, 991_1, 994_35, 995_52, 997_84, 998_91",Discount,Bulk Purchase,Loyalty
Modular Switches,"001_33, 003_8, 004_51, 005_9, 009_39, 010_11, 014_50, 018_74, 019_64, 021_39, 022_48, 025_96, 026_16, 027_44, 032_35, 034_36, 037_89, 038_80, 041_98, 042_16, 043_32, 044_40, 047_59, 048_83, 051_81, 052_42, 053_37, 054_2, 055_15, 056_15, 057_9, 061_36, 064_21, 065_72, 066_10, 067_17, 073_4, 074_36, 076_73, 077_43, 078_68, 079_77, 080_35, 082_14, 083_92, 084_18, 085_93, 086_12, 088_28, 089_2, 090_40, 092_75, 093_15, 096_28, 098_52, 100_52, 102_3, 105_9, 108_71, 109_61, 111_33, 114_26, 117_75, 119_44, 120_41, 122_10, 123_48, 125_14, 126_19, 127_46, 129_82, 130_78, 135_56, 136_20, 138_61, 139_88, 140_14, 141_85, 142_49, 143_30, 148_23, 150_57, 151_43, 153_78, 155_49, 157_98, 158_16, 160_80, 163_37, 166_27, 170_27, 171_84, 173_79, 175_72, 178_31, 180_55, 181_91, 183_93, 187_83, 189_74, 191_20, 193_87, 194_5, 199_80, 200_98, 202_57, 203_73, 204_38, 205_11, 206_99, 210_86, 211_33, 216_62, 221_49, 223_26, 229_68, 233_94, 234_6, 238_53, 239_8, 240_83, 242_81, 245_16, 251_32, 254_46, 255_48, 257_58, 258_69, 261_88, 266_26, 267_34, 269_22, 270_6, 272_36, 274_3, 275_96, 277_3, 278_48, 279_33, 283_22, 284_6, 285_96, 290_18, 292_38, 293_67, 294_14, 299_31, 302_92, 303_14, 305_60, 307_16, 308_48, 311_67, 312_7, 313_99, 314_79, 315_41, 316_11, 319_26, 321_8, 323_43, 324_3, 325_52, 326_34, 327_77, 328_76, 332_92, 334_82, 336_39, 338_17, 339_47, 341_84, 344_26, 346_3, 348_4, 351_66, 352_56, 354_5, 355_42, 356_91, 357_14, 358_34, 359_15, 361_98, 364_12, 365_74, 367_16, 370_37, 373_94, 376_73, 383_6, 387_19, 395_72, 396_82, 399_25, 401_50, 402_65, 403_97, 404_56, 408_48, 409_39, 412_58, 414_33, 418_40, 419_92, 421_4, 427_74, 429_59, 430_42, 431_28, 432_67, 433_63, 437_85, 438_71, 441_84, 442_89, 446_27, 449_3, 450_42, 451_87, 454_13, 457_1, 458_3, 460_3, 468_54, 470_91, 471_22, 472_66, 475_60, 478_32, 479_13, 480_99, 482_74, 488_18, 490_12, 492_57, 495_89, 497_45, 500_95, 502_22, 503_95, 507_84, 508_12, 510_90, 513_1, 514_41, 515_65, 517_2, 520_98, 521_62, 523_70, 525_38, 526_27, 532_87, 533_72, 534_15, 535_8, 536_48, 540_58, 542_9, 543_80, 551_97, 552_78, 553_1, 555_26, 556_32, 559_64, 563_56, 564_45, 566_45, 567_47, 569_24, 570_37, 572_94, 573_80, 574_66, 577_41, 579_51, 582_6, 586_39, 588_12, 589_82, 591_45, 592_81, 593_11, 606_89, 608_60, 609_32, 612_38, 613_54, 615_59, 616_28, 617_59, 618_55, 619_7, 620_61, 622_53, 624_61, 626_78, 627_61, 629_89, 632_1, 636_45, 638_91, 639_11, 641_55, 642_38, 647_55, 650_13, 651_17, 652_68, 653_7, 654_77, 656_70, 660_78, 661_86, 665_19, 668_92, 670_30, 673_45, 676_33, 677_94, 678_41, 679_31, 680_11, 681_58, 683_46, 684_94, 686_99, 687_13, 688_27, 689_14, 691_63, 692_68, 696_47, 697_60, 699_73, 700_43, 701_69, 703_8, 707_75, 708_68, 713_40, 716_2, 717_9, 720_49, 721_88, 722_56, 728_5, 731_18, 732_94, 733_77, 737_87, 740_93, 741_1, 742_56, 744_90, 748_50, 753_22, 754_4, 756_5, 757_78, 759_65, 760_71, 761_62, 762_11, 765_25, 768_92, 770_3, 771_82, 773_59, 776_45, 778_59, 779_50, 781_55, 782_63, 784_16, 786_80, 787_38, 788_87, 789_94, 792_69, 794_70, 796_58, 798_18, 799_98, 800_42, 801_18, 807_63, 808_19, 812_4, 814_10, 815_22, 818_30, 819_86, 821_88, 824_93, 826_35, 830_46, 831_44, 832_67, 833_7, 835_23, 837_22, 838_90, 839_76, 842_14, 843_2, 844_69, 847_41, 848_19, 854_78, 857_72, 862_13, 863_45, 864_32, 866_19, 867_28, 869_28, 872_94, 875_54, 878_69, 879_27, 885_28, 887_38, 890_45, 891_92, 894_21, 895_92, 896_3, 900_52, 901_48, 902_16, 903_34, 904_44, 906_37, 909_26, 913_88, 915_70, 917_2, 920_29, 921_81, 922_23, 923_60, 925_68, 927_57, 931_38, 934_8, 937_18, 938_45, 939_70, 940_96, 941_91, 944_92, 945_24, 948_78, 949_67, 951_5, 956_92, 958_34, 960_28, 961_90, 965_36, 966_85, 968_77, 969_32, 971_38, 973_90, 974_77, 976_80, 978_32, 979_64, 980_60, 982_66, 984_91, 988_20, 989_91, 990_83, 994_35, 995_52, 996_88, 1000_67",Discount,Bulk Purchase,Loyalty
Starter,"001_33, 004_51, 006_19, 007_99, 008_97, 010_11, 016_70, 017_53, 018_74, 019_64, 020_73, 021_39, 025_96, 027_44, 029_72, 030_57, 031_83, 032_35, 033_48, 034_36, 037_89, 039_29, 041_98, 043_32, 046_57, 050_95, 052_42, 054_2, 055_15, 056_15, 057_9, 058_93, 059_93, 061_36, 062_2, 063_4, 066_10, 068_57, 070_85, 071_94, 076_73, 079_77, 080_35, 081_22, 084_18, 085_93, 086_12, 088_28, 089_2, 093_15, 094_77, 095_3, 098_52, 099_3, 100_52, 102_3, 106_45, 107_28, 108_71, 110_2, 112_78, 119_44, 120_41, 121_13, 122_10, 125_14, 128_67, 132_39, 136_20, 137_81, 138_61, 140_14, 141_85, 142_49, 143_30, 144_34, 145_62, 148_23, 149_36, 150_57, 152_89, 154_35, 156_6, 159_32, 161_17, 162_86, 163_37, 164_85, 167_61, 169_6, 170_27, 174_47, 175_72, 177_85, 179_55, 180_55, 182_6, 183_93, 184_52, 186_69, 187_83, 190_10, 195_91, 198_4, 200_98, 204_38, 205_11, 206_99, 210_86, 211_33, 212_99, 214_13, 216_62, 218_84, 220_14, 222_54, 223_26, 224_55, 226_26, 227_79, 228_78, 231_12, 232_33, 234_6, 235_75, 236_15, 238_53, 242_81, 244_5, 246_10, 250_97, 255_48, 259_69, 260_5, 262_38, 264_82, 265_56, 269_22, 270_6, 272_36, 276_82, 281_14, 287_25, 288_79, 289_96, 290_18, 292_38, 293_67, 294_14, 295_73, 301_34, 302_92, 303_14, 308_48, 313_99, 315_41, 318_62, 321_8, 322_90, 324_3, 325_52, 326_34, 327_77, 329_14, 331_43, 332_92, 334_82, 337_10, 339_47, 341_84, 342_15, 343_38, 347_19, 348_4, 352_56, 353_31, 356_91, 359_15, 362_31, 363_94, 366_79, 367_16, 370_37, 373_94, 375_36, 377_32, 379_98, 380_8, 383_6, 384_40, 385_38, 387_19, 389_51, 390_73, 392_17, 393_74, 394_78, 397_67, 403_97, 404_56, 405_13, 406_85, 407_3, 408_48, 410_87, 412_58, 414_33, 415_35, 417_75, 418_40, 420_42, 421_4, 422_98, 423_19, 424_64, 425_2, 427_74, 432_67, 433_63, 434_32, 435_89, 436_3, 437_85, 440_14, 442_89, 444_48, 445_24, 450_42, 452_39, 453_93, 456_20, 457_1, 459_91, 460_3, 461_10, 465_52, 469_23, 471_22, 473_18, 481_77, 482_74, 487_93, 488_18, 491_23, 494_14, 495_89, 498_50, 499_75, 500_95, 501_46, 502_22, 505_94, 506_21, 507_84, 508_12, 509_6, 510_90, 513_1, 517_2, 518_35, 519_72, 520_98, 521_62, 525_38, 526_27, 528_92, 532_87, 534_15, 535_8, 536_48, 537_61, 540_58, 541_42, 542_9, 543_80, 549_93, 551_97, 552_78, 553_1, 555_26, 557_90, 560_49, 563_56, 569_24, 570_37, 573_80, 575_64, 577_41, 578_24, 579_51, 584_5, 585_78, 586_39, 587_17, 589_82, 592_81, 593_11, 594_98, 598_96, 599_81, 601_49, 602_18, 605_84, 606_89, 607_17, 611_23, 612_38, 615_59, 616_28, 618_55, 622_53, 623_75, 624_61, 626_78, 628_44, 629_89, 630_36, 632_1, 633_17, 635_18, 639_11, 640_84, 643_73, 646_3, 648_28, 650_13, 655_72, 660_78, 662_74, 664_22, 669_86, 672_75, 673_45, 674_28, 675_14, 676_33, 679_31, 683_46, 685_37, 686_99, 689_14, 691_63, 692_68, 693_54, 697_60, 699_73, 700_43, 701_69, 702_84, 703_8, 704_86, 707_75, 710_28, 711_43, 716_2, 718_86, 719_84, 720_49, 721_88, 724_39, 725_42, 726_16, 728_5, 729_57, 731_18, 739_71, 740_93, 741_1, 742_56, 743_66, 744_90, 746_11, 747_84, 748_50, 751_56, 756_5, 758_10, 760_71, 761_62, 763_55, 764_35, 767_94, 769_89, 773_59, 775_92, 780_25, 781_55, 782_63, 785_90, 789_94, 793_75, 797_81, 799_98, 800_42, 802_39, 804_42, 805_19, 811_4, 814_10, 815_22, 816_35, 817_73, 820_66, 822_26, 824_93, 825_34, 826_35, 827_24, 830_46, 833_7, 837_22, 841_3, 842_14, 843_2, 844_69, 845_54, 846_76, 850_67, 852_90, 854_78, 855_37, 857_72, 858_82, 859_61, 861_63, 864_32, 866_19, 868_44, 869_28, 870_31, 871_89, 873_17, 874_9, 879_27, 880_22, 881_99, 887_38, 888_13, 890_45, 892_81, 895_92, 897_33, 898_73, 900_52, 901_48, 904_44, 905_55, 906_37, 907_67, 911_61, 912_89, 913_88, 915_70, 916_67, 917_2, 918_98, 919_93, 920_29, 921_81, 922_23, 927_57, 928_70, 929_9, 930_63, 933_87, 934_8, 936_55, 940_96, 942_99, 943_6, 944_92, 949_67, 950_17, 953_82, 954_51, 957_88, 959_18, 962_24, 966_85, 967_12, 971_38, 975_11, 977_37, 981_6, 982_66, 983_27, 984_91, 988_20, 994_35, 995_52, 999_98, 1000_67",Discount,Bulk Purchase,Loyalty
Controller,"002_32, 005_9, 008_97, 010_11, 011_30, 012_61, 014_50, 015_94, 017_53, 019_64, 020_73, 021_39, 022_48, 023_44, 024_62, 025_96, 026_16, 027_44, 028_9, 029_72, 030_57, 034_36, 038_80, 044_40, 045_7, 046_57, 047_59, 059_93, 061_36, 062_2, 063_4, 065_72, 067_17, 070_85, 071_94, 074_36, 075_55, 076_73, 078_68, 080_35, 082_14, 084_18, 087_38, 093_15, 094_77, 096_28, 098_52, 099_3, 101_66, 103_4, 104_63, 106_45, 108_71, 110_2, 112_78, 113_80, 114_26, 115_66, 116_23, 117_75, 118_25, 120_41, 121_13, 122_10, 123_48, 124_50, 125_14, 126_19, 128_67, 129_82, 133_50, 134_10, 135_56, 136_20, 139_88, 141_85, 150_57, 152_89, 153_78, 154_35, 155_49, 158_16, 161_17, 163_37, 164_85, 165_89, 166_27, 168_97, 169_6, 171_84, 172_5, 173_79, 176_67, 178_31, 179_55, 180_55, 183_93, 185_28, 187_83, 189_74, 190_10, 193_87, 194_5, 195_91, 198_4, 202_57, 203_73, 205_11, 208_30, 209_43, 210_86, 211_33, 212_99, 214_13, 216_62, 217_69, 218_84, 219_93, 220_14, 223_26, 227_79, 230_31, 233_94, 235_75, 236_15, 238_53, 239_8, 240_83, 242_81, 244_5, 247_67, 250_97, 252_57, 253_67, 255_48, 257_58, 259_69, 260_5, 264_82, 265_56, 267_34, 268_6, 270_6, 272_36, 273_15, 274_3, 275_96, 276_82, 279_33, 280_68, 281_14, 287_25, 290_18, 295_73, 297_66, 298_40, 302_92, 303_14, 305_60, 307_16, 308_48, 309_24, 311_67, 319_26, 326_34, 331_43, 336_39, 338_17, 340_80, 341_84, 343_38, 349_4, 350_45, 357_14, 358_34, 359_15, 360_62, 362_31, 364_12, 366_79, 368_11, 370_37, 372_71, 374_35, 375_36, 376_73, 377_32, 379_98, 380_8, 381_23, 382_97, 383_6, 386_98, 388_86, 389_51, 390_73, 394_78, 396_82, 399_25, 401_50, 403_97, 404_56, 405_13, 409_39, 413_10, 416_14, 417_75, 418_40, 419_92, 420_42, 424_64, 425_2, 428_24, 430_42, 431_28, 434_32, 436_3, 437_85, 438_71, 439_42, 440_14, 443_10, 444_48, 446_27, 447_78, 448_29, 449_3, 450_42, 452_39, 454_13, 455_5, 460_3, 463_40, 465_52, 466_35, 468_54, 469_23, 474_26, 475_60, 477_96, 479_13, 480_99, 482_74, 485_83, 487_93, 492_57, 494_14, 495_89, 496_48, 497_45, 498_50, 500_95, 501_46, 504_24, 505_94, 506_21, 508_12, 509_6, 511_94, 513_1, 517_2, 518_35, 519_72, 520_98, 522_20, 527_32, 530_1, 531_70, 537_61, 539_36, 540_58, 541_42, 544_90, 545_73, 547_87, 552_78, 553_1, 555_26, 556_32, 559_64, 561_79, 564_45, 567_47, 570_37, 571_7, 572_94, 575_64, 576_30, 577_41, 578_24, 579_51, 582_6, 584_5, 585_78, 586_39, 592_81, 593_11, 594_98, 595_83, 596_41, 600_77, 601_49, 603_23, 606_89, 607_17, 609_32, 612_38, 616_28, 617_59, 618_55, 619_7, 621_30, 622_53, 623_75, 626_78, 627_61, 628_44, 629_89, 630_36, 631_36, 634_71, 635_18, 636_45, 638_91, 639_11, 641_55, 643_73, 644_88, 648_28, 649_61, 650_13, 654_77, 656_70, 657_95, 659_74, 664_22, 665_19, 666_20, 668_92, 669_86, 670_30, 671_53, 672_75, 674_28, 676_33, 677_94, 680_11, 682_55, 683_46, 684_94, 687_13, 688_27, 690_27, 693_54, 696_47, 697_60, 698_19, 699_73, 700_43, 701_69, 703_8, 704_86, 705_89, 706_83, 707_75, 708_68, 710_28, 711_43, 713_40, 714_17, 715_54, 717_9, 719_84, 720_49, 722_56, 723_46, 725_42, 728_5, 729_57, 730_78, 731_18, 732_94, 733_77, 735_34, 736_80, 737_87, 738_5, 741_1, 742_56, 744_90, 745_84, 746_11, 747_84, 748_50, 749_20, 750_47, 753_22, 756_5, 757_78, 758_10, 761_62, 764_35, 765_25, 770_3, 771_82, 773_59, 774_70, 775_92, 776_45, 777_90, 781_55, 782_63, 783_23, 784_16, 788_87, 791_71, 792_69, 797_81, 800_42, 801_18, 803_67, 808_19, 811_4, 812_4, 813_60, 815_22, 824_93, 825_34, 827_24, 828_67, 829_75, 830_46, 833_7, 835_23, 836_28, 841_3, 842_14, 843_2, 844_69, 845_54, 847_41, 848_19, 849_9, 851_52, 852_90, 854_78, 855_37, 856_9, 858_82, 860_1, 862_13, 865_71, 867_28, 872_94, 873_17, 878_69, 880_22, 888_13, 889_79, 892_81, 894_21, 895_92, 896_3, 897_33, 898_73, 899_10, 901_48, 905_55, 906_37, 907_67, 910_79, 911_61, 913_88, 916_67, 917_2, 918_98, 920_29, 921_81, 928_70, 929_9, 930_63, 931_38, 934_8, 935_43, 936_55, 937_18, 938_45, 940_96, 947_74, 951_5, 952_85, 953_82, 954_51, 957_88, 959_18, 960_28, 968_77, 969_32, 970_51, 971_38, 972_63, 973_90, 975_11, 976_80, 977_37, 978_32, 980_60, 982_66, 984_91, 985_87, 986_3, 987_18, 991_1, 993_90, 996_88, 1000_67",Bulk Purchase,Loyalty,Discount
Solar Solutions,"002_32, 003_8, 005_9, 006_19, 008_97, 009_39, 010_11, 011_30, 012_61, 014_50, 015_94, 017_53, 019_64, 020_73, 023_44, 025_96, 028_9, 029_72, 030_57, 031_83, 032_35, 034_36, 035_85, 039_29, 040_87, 041_98, 045_7, 048_83, 049_38, 051_81, 054_2, 055_15, 056_15, 059_93, 060_70, 063_4, 064_21, 065_72, 066_10, 068_57, 069_59, 070_85, 072_27, 073_4, 074_36, 076_73, 077_43, 078_68, 079_77, 080_35, 083_92, 086_12, 087_38, 090_40, 091_93, 092_75, 095_3, 098_52, 100_52, 101_66, 104_63, 105_9, 108_71, 109_61, 112_78, 113_80, 114_26, 118_25, 119_44, 121_13, 123_48, 125_14, 126_19, 131_80, 134_10, 136_20, 137_81, 138_61, 139_88, 140_14, 143_30, 144_34, 145_62, 146_64, 148_23, 149_36, 151_43, 152_89, 153_78, 154_35, 155_49, 156_6, 158_16, 159_32, 160_80, 161_17, 162_86, 165_89, 166_27, 167_61, 171_84, 176_67, 180_55, 182_6, 183_93, 186_69, 187_83, 188_5, 189_74, 195_91, 197_9, 199_80, 202_57, 206_99, 209_43, 210_86, 211_33, 212_99, 213_50, 215_4, 216_62, 224_55, 225_10, 226_26, 229_68, 231_12, 232_33, 234_6, 236_15, 237_61, 238_53, 239_8, 242_81, 243_69, 244_5, 248_10, 249_35, 253_67, 254_46, 255_48, 256_95, 257_58, 260_5, 261_88, 262_38, 265_56, 266_26, 267_34, 269_22, 272_36, 273_15, 278_48, 282_21, 283_22, 285_96, 292_38, 293_67, 295_73, 298_40, 300_35, 301_34, 303_14, 305_60, 310_36, 311_67, 312_7, 315_41, 317_60, 319_26, 322_90, 323_43, 324_3, 325_52, 327_77, 331_43, 334_82, 336_39, 338_17, 339_47, 341_84, 343_38, 344_26, 349_4, 350_45, 351_66, 352_56, 355_42, 357_14, 362_31, 363_94, 365_74, 367_16, 369_20, 370_37, 371_60, 372_71, 375_36, 376_73, 381_23, 382_97, 385_38, 386_98, 387_19, 389_51, 390_73, 392_17, 393_74, 394_78, 395_72, 396_82, 397_67, 399_25, 400_62, 401_50, 402_65, 403_97, 406_85, 407_3, 409_39, 410_87, 411_17, 412_58, 414_33, 415_35, 417_75, 419_92, 421_4, 423_19, 426_71, 428_24, 432_67, 434_32, 438_71, 440_14, 441_84, 442_89, 445_24, 447_78, 452_39, 456_20, 463_40, 468_54, 470_91, 471_22, 475_60, 476_46, 477_96, 478_32, 479_13, 481_77, 483_78, 485_83, 491_23, 493_78, 494_14, 495_89, 500_95, 502_22, 503_95, 504_24, 511_94, 512_8, 514_41, 516_26, 518_35, 521_62, 522_20, 524_53, 526_27, 527_32, 528_92, 529_96, 530_1, 531_70, 532_87, 535_8, 536_48, 537_61, 542_9, 545_73, 547_87, 548_65, 549_93, 551_97, 552_78, 554_17, 555_26, 556_32, 560_49, 561_79, 563_56, 564_45, 565_20, 567_47, 568_79, 570_37, 571_7, 572_94, 573_80, 576_30, 577_41, 578_24, 580_76, 581_18, 583_98, 584_5, 586_39, 587_17, 589_82, 591_45, 592_81, 594_98, 595_83, 596_41, 597_73, 598_96, 599_81, 600_77, 603_23, 604_66, 605_84, 608_60, 611_23, 612_38, 614_45, 615_59, 617_59, 621_30, 622_53, 625_58, 626_78, 629_89, 630_36, 631_36, 635_18, 636_45, 639_11, 640_84, 641_55, 643_73, 644_88, 645_77, 647_55, 649_61, 651_17, 653_7, 660_78, 661_86, 662_74, 664_22, 665_19, 667_17, 668_92, 670_30, 671_53, 677_94, 680_11, 682_55, 683_46, 685_37, 686_99, 687_13, 688_27, 689_14, 691_63, 692_68, 693_54, 694_8, 696_47, 699_73, 700_43, 701_69, 704_86, 706_83, 708_68, 709_11, 710_28, 711_43, 716_2, 717_9, 718_86, 723_46, 724_39, 726_16, 727_33, 728_5, 729_57, 730_78, 731_18, 732_94, 733_77, 739_71, 742_56, 746_11, 751_56, 752_10, 753_22, 755_44, 756_5, 760_71, 762_11, 763_55, 766_94, 768_92, 772_17, 773_59, 777_90, 778_59, 780_25, 781_55, 784_16, 785_90, 787_38, 788_87, 790_6, 793_75, 795_51, 796_58, 797_81, 801_18, 802_39, 808_19, 813_60, 814_10, 815_22, 816_35, 818_30, 819_86, 820_66, 821_88, 823_29, 825_34, 831_44, 833_7, 834_52, 837_22, 838_90, 839_76, 841_3, 843_2, 847_41, 849_9, 852_90, 855_37, 858_82, 861_63, 862_13, 863_45, 864_32, 865_71, 866_19, 867_28, 869_28, 870_31, 872_94, 873_17, 874_9, 878_69, 879_27, 883_49, 884_50, 885_28, 886_35, 887_38, 888_13, 890_45, 892_81, 895_92, 900_52, 902_16, 904_44, 906_37, 909_26, 911_61, 913_88, 916_67, 918_98, 919_93, 920_29, 923_60, 925_68, 926_84, 927_57, 930_63, 931_38, 932_49, 934_8, 935_43, 940_96, 942_99, 945_24, 947_74, 948_78, 949_67, 950_17, 953_82, 957_88, 958_34, 959_18, 960_28, 961_90, 965_36, 968_77, 970_51, 971_38, 974_77, 977_37, 979_64, 980_60, 981_6, 982_66, 983_27, 984_91, 985_87, 986_3, 990_83, 991_1, 992_97, 994_35",Discount,Bulk Purchase,Loyalty
Pump Starter and Controller,"003_8, 008_97, 009_39, 011_30, 012_61, 014_50, 015_94, 017_53, 021_39, 022_48, 023_44, 024_62, 030_57, 031_83, 036_19, 038_80, 039_29, 041_98, 042_16, 043_32, 044_40, 045_7, 046_57, 047_59, 049_38, 054_2, 056_15, 057_9, 059_93, 060_70, 061_36, 062_2, 063_4, 064_21, 065_72, 067_17, 070_85, 072_27, 075_55, 076_73, 077_43, 078_68, 079_77, 080_35, 081_22, 082_14, 086_12, 088_28, 090_40, 094_77, 095_3, 097_20, 099_3, 101_66, 102_3, 103_4, 106_45, 107_28, 108_71, 110_2, 111_33, 113_80, 115_66, 119_44, 122_10, 123_48, 127_46, 128_67, 131_80, 132_39, 133_50, 135_56, 136_20, 137_81, 140_14, 141_85, 142_49, 148_23, 149_36, 151_43, 155_49, 157_98, 160_80, 161_17, 164_85, 165_89, 168_97, 169_6, 170_27, 171_84, 172_5, 176_67, 179_55, 182_6, 183_93, 184_52, 185_28, 186_69, 189_74, 193_87, 194_5, 195_91, 199_80, 201_79, 202_57, 205_11, 206_99, 209_43, 210_86, 211_33, 213_50, 215_4, 216_62, 220_14, 223_26, 224_55, 228_78, 233_94, 234_6, 236_15, 238_53, 240_83, 241_10, 243_69, 245_16, 246_10, 247_67, 250_97, 251_32, 252_57, 254_46, 255_48, 256_95, 257_58, 259_69, 263_84, 265_56, 267_34, 271_3, 276_82, 277_3, 278_48, 282_21, 284_6, 285_96, 290_18, 292_38, 293_67, 295_73, 296_63, 298_40, 300_35, 301_34, 302_92, 305_60, 308_48, 309_24, 312_7, 313_99, 314_79, 315_41, 317_60, 320_38, 322_90, 323_43, 325_52, 327_77, 330_85, 331_43, 332_92, 333_65, 335_57, 336_39, 338_17, 339_47, 341_84, 342_15, 343_38, 344_26, 345_93, 346_3, 347_19, 350_45, 352_56, 354_5, 355_42, 357_14, 358_34, 360_62, 361_98, 363_94, 366_79, 367_16, 369_20, 374_35, 375_36, 376_73, 377_32, 378_49, 379_98, 382_97, 385_38, 386_98, 387_19, 388_86, 390_73, 394_78, 395_72, 397_67, 398_4, 400_62, 401_50, 404_56, 406_85, 407_3, 408_48, 412_58, 415_35, 416_14, 418_40, 420_42, 422_98, 424_64, 425_2, 426_71, 427_74, 428_24, 431_28, 432_67, 433_63, 434_32, 438_71, 439_42, 440_14, 441_84, 447_78, 448_29, 449_3, 450_42, 451_87, 452_39, 453_93, 455_5, 457_1, 458_3, 464_12, 465_52, 467_31, 469_23, 470_91, 471_22, 474_26, 476_46, 480_99, 481_77, 486_99, 487_93, 488_18, 490_12, 492_57, 496_48, 497_45, 500_95, 502_22, 505_94, 507_84, 512_8, 514_41, 516_26, 517_2, 518_35, 523_70, 524_53, 525_38, 530_1, 531_70, 533_72, 534_15, 535_8, 537_61, 539_36, 541_42, 542_9, 544_90, 547_87, 549_93, 550_81, 553_1, 555_26, 556_32, 558_89, 560_49, 561_79, 562_93, 564_45, 565_20, 568_79, 570_37, 574_66, 576_30, 579_51, 580_76, 581_18, 582_6, 583_98, 586_39, 587_17, 588_12, 592_81, 593_11, 597_73, 601_49, 602_18, 603_23, 609_32, 610_94, 611_23, 613_54, 614_45, 615_59, 617_59, 621_30, 622_53, 623_75, 626_78, 627_61, 629_89, 631_36, 635_18, 636_45, 638_91, 640_84, 641_55, 642_38, 645_77, 648_28, 656_70, 660_78, 663_96, 665_19, 667_17, 668_92, 669_86, 671_53, 672_75, 673_45, 678_41, 684_94, 686_99, 687_13, 689_14, 691_63, 693_54, 696_47, 699_73, 701_69, 702_84, 703_8, 706_83, 707_75, 708_68, 710_28, 711_43, 712_74, 715_54, 716_2, 718_86, 720_49, 722_56, 725_42, 726_16, 730_78, 731_18, 736_80, 737_87, 738_5, 739_71, 740_93, 743_66, 744_90, 748_50, 750_47, 754_4, 756_5, 758_10, 760_71, 762_11, 766_94, 771_82, 772_17, 773_59, 776_45, 779_50, 780_25, 783_23, 784_16, 785_90, 787_38, 790_6, 791_71, 794_70, 795_51, 797_81, 798_18, 799_98, 801_18, 803_67, 808_19, 810_43, 812_4, 813_60, 814_10, 817_73, 824_93, 825_34, 834_52, 838_90, 840_25, 841_3, 842_14, 844_69, 845_54, 846_76, 849_9, 854_78, 855_37, 856_9, 859_61, 861_63, 866_19, 867_28, 868_44, 869_28, 870_31, 872_94, 875_54, 876_51, 877_77, 878_69, 879_27, 884_50, 886_35, 887_38, 892_81, 893_88, 894_21, 895_92, 897_33, 898_73, 899_10, 900_52, 903_34, 907_67, 908_97, 909_26, 911_61, 912_89, 915_70, 916_67, 917_2, 918_98, 919_93, 921_81, 924_72, 927_57, 928_70, 929_9, 933_87, 937_18, 939_70, 941_91, 943_6, 944_92, 945_24, 946_29, 947_74, 948_78, 949_67, 950_17, 952_85, 953_82, 954_51, 958_34, 959_18, 960_28, 961_90, 963_53, 965_36, 969_32, 970_51, 971_38, 974_77, 979_64, 980_60, 981_6, 983_27, 984_91, 986_3, 988_20, 992_97, 993_90, 996_88",Discount,Bulk Purchase,Loyalty
