Partner_id,Product_id,Similarity_Scores,Scheme_1,Scheme_2,Scheme_3
522_2,VCU(Vacuum Contactor Units),0.34150612959719795,Loyalty,Bulk Purchase,Discount
522_2,Modular Switches,0.33673469387755106,Bulk Purchase,Discount,Loyalty
522_2,PSS(Compact Sub-Stations),0.3287671232876712,Loyalty,Discount,Bulk Purchase
738_32,VCU(Vacuum Contactor Units),0.34150612959719795,Loyalty,Bulk Purchase,Discount
738_32,MCCB(Moduled Case Circuit Breaker),0.33673469387755106,Loyalty,Bulk Purchase,Discount
738_32,VCB(Vacuum Circuit Breaker),0.3287671232876712,Loyalty,Bulk Purchase,Discount
741_93,VCU(Vacuum Contactor Units),0.3552188552188552,Loyalty,Bulk Purchase,Discount
741_93,Modular Switches,0.34595524956970736,Bulk Purchase,Discount,Loyalty
741_93,PSS(Compact Sub-Stations),0.33274956217162877,Loyalty,Discount,Bulk Purchase
661_12,VCB(Vacuum Circuit Breaker),0.34595524956970736,Loyalty,Bulk Purchase,Discount
661_12,PSS(Compact Sub-Stations),0.3408304498269896,Loyalty,Discount,Bulk Purchase
661_12,SDF(Switch Disconnectors),0.3406408094435076,Loyalty,Bulk Purchase,Discount
412_22,VCU(Vacuum Contactor Units),0.34150612959719795,Loyalty,Bulk Purchase,Discount
412_22,VCB(Vacuum Circuit Breaker),0.33673469387755106,Loyalty,Bulk Purchase,Discount
412_22,BBT(Busbar Trunking),0.3287671232876712,Bulk Purchase,Loyalty,Discount
679_49,VCU(Vacuum Contactor Units),0.3552188552188552,Loyalty,Bulk Purchase,Discount
679_49,Modular Switches,0.34595524956970736,Bulk Purchase,Discount,Loyalty
679_49,PSS(Compact Sub-Stations),0.33274956217162877,Loyalty,Discount,Bulk Purchase
627_15,VCU(Vacuum Contactor Units),0.34150612959719795,Loyalty,Bulk Purchase,Discount
627_15,MCCB(Moduled Case Circuit Breaker),0.33673469387755106,Loyalty,Bulk Purchase,Discount
627_15,Modular Switches,0.3287671232876712,Bulk Purchase,Discount,Loyalty
514_64,VCU(Vacuum Contactor Units),0.3539518900343642,Loyalty,Bulk Purchase,Discount
514_64,Modular Switches,0.3447098976109215,Bulk Purchase,Discount,Loyalty
514_64,ACB(Air Circuit Breaker),0.34219269102990035,Loyalty,Bulk Purchase,Discount
860_10,VCU(Vacuum Contactor Units),0.34150612959719795,Loyalty,Bulk Purchase,Discount
860_10,MCCB(Moduled Case Circuit Breaker),0.33673469387755106,Loyalty,Bulk Purchase,Discount
860_10,Modular Switches,0.3287671232876712,Bulk Purchase,Discount,Loyalty
137_58,VCU(Vacuum Contactor Units),0.34150612959719795,Loyalty,Bulk Purchase,Discount
137_58,PSS(Compact Sub-Stations),0.33673469387755106,Loyalty,Discount,Bulk Purchase
137_58,VCB(Vacuum Circuit Breaker),0.3287671232876712,Loyalty,Bulk Purchase,Discount
812_59,VCU(Vacuum Contactor Units),0.34150612959719795,Loyalty,Bulk Purchase,Discount
812_59,PSS(Compact Sub-Stations),0.33673469387755106,Loyalty,Discount,Bulk Purchase
812_59,VCB(Vacuum Circuit Breaker),0.3287671232876712,Loyalty,Bulk Purchase,Discount
077_8,VCU(Vacuum Contactor Units),0.3552188552188552,Loyalty,Bulk Purchase,Discount
077_8,VCB(Vacuum Circuit Breaker),0.347972972972973,Loyalty,Bulk Purchase,Discount
077_8,BBT(Busbar Trunking),0.3466666666666667,Bulk Purchase,Loyalty,Discount
637_89,VCU(Vacuum Contactor Units),0.34595524956970736,Loyalty,Bulk Purchase,Discount
637_89,MCCB(Moduled Case Circuit Breaker),0.3408304498269896,Loyalty,Bulk Purchase,Discount
637_89,VCB(Vacuum Circuit Breaker),0.3406408094435076,Loyalty,Bulk Purchase,Discount
974_47,VCU(Vacuum Contactor Units),0.34150612959719795,Loyalty,Bulk Purchase,Discount
974_47,Modular Switches,0.33673469387755106,Bulk Purchase,Discount,Loyalty
974_47,VCB(Vacuum Circuit Breaker),0.3287671232876712,Loyalty,Bulk Purchase,Discount
939_84,VCU(Vacuum Contactor Units),0.3552188552188552,Loyalty,Bulk Purchase,Discount
939_84,PSS(Compact Sub-Stations),0.34595524956970736,Loyalty,Discount,Bulk Purchase
939_84,VCB(Vacuum Circuit Breaker),0.33274956217162877,Loyalty,Bulk Purchase,Discount
900_88,AIS(Air Insulated Switchgear),0.37323943661971826,Loyalty,Bulk Purchase,Discount
900_88,VCB(Vacuum Circuit Breaker),0.3447098976109215,Loyalty,Bulk Purchase,Discount
900_88,ACB(Air Circuit Breaker),0.34150612959719795,Loyalty,Bulk Purchase,Discount
281_21,MCCB(Moduled Case Circuit Breaker),0.37323943661971826,Loyalty,Bulk Purchase,Discount
281_21,AIS(Air Insulated Switchgear),0.3447098976109215,Loyalty,Bulk Purchase,Discount
281_21,ACB(Air Circuit Breaker),0.34150612959719795,Loyalty,Bulk Purchase,Discount
884_69,MCCB(Moduled Case Circuit Breaker),0.37323943661971826,Loyalty,Bulk Purchase,Discount
884_69,AIS(Air Insulated Switchgear),0.3447098976109215,Loyalty,Bulk Purchase,Discount
884_69,ACB(Air Circuit Breaker),0.34150612959719795,Loyalty,Bulk Purchase,Discount
762_70,VCU(Vacuum Contactor Units),0.34150612959719795,Loyalty,Bulk Purchase,Discount
762_70,Modular Switches,0.33673469387755106,Bulk Purchase,Discount,Loyalty
762_70,ACB(Air Circuit Breaker),0.3287671232876712,Loyalty,Bulk Purchase,Discount
320_72,VCU(Vacuum Contactor Units),0.37323943661971826,Loyalty,Bulk Purchase,Discount
320_72,MCCB(Moduled Case Circuit Breaker),0.3447098976109215,Loyalty,Bulk Purchase,Discount
320_72,AIS(Air Insulated Switchgear),0.34150612959719795,Loyalty,Bulk Purchase,Discount
550_16,VCU(Vacuum Contactor Units),0.3552188552188552,Loyalty,Bulk Purchase,Discount
550_16,Modular Switches,0.34595524956970736,Bulk Purchase,Discount,Loyalty
550_16,PSS(Compact Sub-Stations),0.33274956217162877,Loyalty,Discount,Bulk Purchase
175_75,VCU(Vacuum Contactor Units),0.34150612959719795,Loyalty,Bulk Purchase,Discount
175_75,Modular Switches,0.33673469387755106,Bulk Purchase,Discount,Loyalty
175_75,PSS(Compact Sub-Stations),0.3287671232876712,Loyalty,Discount,Bulk Purchase
372_55,VCU(Vacuum Contactor Units),0.3552188552188552,Loyalty,Bulk Purchase,Discount
372_55,Modular Switches,0.34595524956970736,Bulk Purchase,Discount,Loyalty
372_55,PSS(Compact Sub-Stations),0.33274956217162877,Loyalty,Discount,Bulk Purchase
528_51,VCU(Vacuum Contactor Units),0.3539518900343642,Loyalty,Bulk Purchase,Discount
528_51,Modular Switches,0.3447098976109215,Bulk Purchase,Discount,Loyalty
528_51,VCB(Vacuum Circuit Breaker),0.34219269102990035,Loyalty,Bulk Purchase,Discount
211_11,PSS(Compact Sub-Stations),0.3552188552188552,Loyalty,Discount,Bulk Purchase
211_11,VCB(Vacuum Circuit Breaker),0.34595524956970736,Loyalty,Bulk Purchase,Discount
211_11,BBT(Busbar Trunking),0.33274956217162877,Bulk Purchase,Loyalty,Discount
236_91,VCU(Vacuum Contactor Units),0.3552188552188552,Loyalty,Bulk Purchase,Discount
236_91,Modular Switches,0.34595524956970736,Bulk Purchase,Discount,Loyalty
236_91,PSS(Compact Sub-Stations),0.33274956217162877,Loyalty,Discount,Bulk Purchase
102_36,PSS(Compact Sub-Stations),0.3552188552188552,Loyalty,Discount,Bulk Purchase
102_36,VCB(Vacuum Circuit Breaker),0.34595524956970736,Loyalty,Bulk Purchase,Discount
102_36,MCCB(Moduled Case Circuit Breaker),0.33274956217162877,Loyalty,Bulk Purchase,Discount
987_6,VCU(Vacuum Contactor Units),0.34150612959719795,Loyalty,Bulk Purchase,Discount
987_6,MCCB(Moduled Case Circuit Breaker),0.33673469387755106,Loyalty,Bulk Purchase,Discount
987_6,Modular Switches,0.3287671232876712,Bulk Purchase,Discount,Loyalty
903_57,VCU(Vacuum Contactor Units),0.34150612959719795,Loyalty,Bulk Purchase,Discount
903_57,Modular Switches,0.33673469387755106,Bulk Purchase,Discount,Loyalty
903_57,VCB(Vacuum Circuit Breaker),0.3287671232876712,Loyalty,Bulk Purchase,Discount
948_33,VCU(Vacuum Contactor Units),0.34150612959719795,Loyalty,Bulk Purchase,Discount
948_33,MCCB(Moduled Case Circuit Breaker),0.33673469387755106,Loyalty,Bulk Purchase,Discount
948_33,ACB(Air Circuit Breaker),0.3287671232876712,Loyalty,Bulk Purchase,Discount
347_9,VCU(Vacuum Contactor Units),0.34150612959719795,Loyalty,Bulk Purchase,Discount
347_9,Modular Switches,0.33673469387755106,Bulk Purchase,Discount,Loyalty
347_9,VCB(Vacuum Circuit Breaker),0.3287671232876712,Loyalty,Bulk Purchase,Discount
140_24,VCU(Vacuum Contactor Units),0.34150612959719795,Loyalty,Bulk Purchase,Discount
140_24,Modular Switches,0.33673469387755106,Bulk Purchase,Discount,Loyalty
140_24,VCB(Vacuum Circuit Breaker),0.3287671232876712,Loyalty,Bulk Purchase,Discount
622_65,PSS(Compact Sub-Stations),0.3552188552188552,Loyalty,Discount,Bulk Purchase
622_65,VCB(Vacuum Circuit Breaker),0.34595524956970736,Loyalty,Bulk Purchase,Discount
622_65,MCCB(Moduled Case Circuit Breaker),0.33274956217162877,Loyalty,Bulk Purchase,Discount
500_70,PSS(Compact Sub-Stations),0.3552188552188552,Loyalty,Discount,Bulk Purchase
500_70,VCB(Vacuum Circuit Breaker),0.34595524956970736,Loyalty,Bulk Purchase,Discount
500_70,BBT(Busbar Trunking),0.33274956217162877,Bulk Purchase,Loyalty,Discount
371_13,VCU(Vacuum Contactor Units),0.3552188552188552,Loyalty,Bulk Purchase,Discount
371_13,Modular Switches,0.34595524956970736,Bulk Purchase,Discount,Loyalty
371_13,PSS(Compact Sub-Stations),0.33274956217162877,Loyalty,Discount,Bulk Purchase
199_89,VCU(Vacuum Contactor Units),0.34150612959719795,Loyalty,Bulk Purchase,Discount
199_89,Modular Switches,0.33673469387755106,Bulk Purchase,Discount,Loyalty
199_89,ACB(Air Circuit Breaker),0.3287671232876712,Loyalty,Bulk Purchase,Discount
688_45,VCU(Vacuum Contactor Units),0.34150612959719795,Loyalty,Bulk Purchase,Discount
688_45,PSS(Compact Sub-Stations),0.33673469387755106,Loyalty,Discount,Bulk Purchase
688_45,VCB(Vacuum Circuit Breaker),0.3287671232876712,Loyalty,Bulk Purchase,Discount
585_21,VCU(Vacuum Contactor Units),0.3552188552188552,Loyalty,Bulk Purchase,Discount
585_21,Modular Switches,0.34595524956970736,Bulk Purchase,Discount,Loyalty
585_21,PSS(Compact Sub-Stations),0.33274956217162877,Loyalty,Discount,Bulk Purchase
902_34,VCU(Vacuum Contactor Units),0.3539518900343642,Loyalty,Bulk Purchase,Discount
902_34,MCCB(Moduled Case Circuit Breaker),0.3447098976109215,Loyalty,Bulk Purchase,Discount
902_34,Modular Switches,0.34219269102990035,Bulk Purchase,Discount,Loyalty
060_20,VCU(Vacuum Contactor Units),0.3539518900343642,Loyalty,Bulk Purchase,Discount
060_20,Modular Switches,0.3447098976109215,Bulk Purchase,Discount,Loyalty
060_20,ACB(Air Circuit Breaker),0.34219269102990035,Loyalty,Bulk Purchase,Discount
329_62,MCCB(Moduled Case Circuit Breaker),0.37323943661971826,Loyalty,Bulk Purchase,Discount
329_62,AIS(Air Insulated Switchgear),0.3447098976109215,Loyalty,Bulk Purchase,Discount
329_62,ACB(Air Circuit Breaker),0.34150612959719795,Loyalty,Bulk Purchase,Discount
097_97,VCU(Vacuum Contactor Units),0.34150612959719795,Loyalty,Bulk Purchase,Discount
097_97,Modular Switches,0.33673469387755106,Bulk Purchase,Discount,Loyalty
097_97,PSS(Compact Sub-Stations),0.3287671232876712,Loyalty,Discount,Bulk Purchase
313_38,VCU(Vacuum Contactor Units),0.3539518900343642,Loyalty,Bulk Purchase,Discount
313_38,MCCB(Moduled Case Circuit Breaker),0.3447098976109215,Loyalty,Bulk Purchase,Discount
313_38,Modular Switches,0.34219269102990035,Bulk Purchase,Discount,Loyalty
975_51,VCU(Vacuum Contactor Units),0.3539518900343642,Loyalty,Bulk Purchase,Discount
975_51,Modular Switches,0.3447098976109215,Bulk Purchase,Discount,Loyalty
975_51,VCB(Vacuum Circuit Breaker),0.34219269102990035,Loyalty,Bulk Purchase,Discount
300_9,VCU(Vacuum Contactor Units),0.34150612959719795,Loyalty,Bulk Purchase,Discount
300_9,PSS(Compact Sub-Stations),0.33673469387755106,Loyalty,Discount,Bulk Purchase
300_9,VCB(Vacuum Circuit Breaker),0.3287671232876712,Loyalty,Bulk Purchase,Discount
278_15,VCU(Vacuum Contactor Units),0.34150612959719795,Loyalty,Bulk Purchase,Discount
278_15,Modular Switches,0.33673469387755106,Bulk Purchase,Discount,Loyalty
278_15,PSS(Compact Sub-Stations),0.3287671232876712,Loyalty,Discount,Bulk Purchase
925_66,VCU(Vacuum Contactor Units),0.34150612959719795,Loyalty,Bulk Purchase,Discount
925_66,PSS(Compact Sub-Stations),0.33673469387755106,Loyalty,Discount,Bulk Purchase
925_66,ACB(Air Circuit Breaker),0.3287671232876712,Loyalty,Bulk Purchase,Discount
602_17,AIS(Air Insulated Switchgear),0.37323943661971826,Loyalty,Bulk Purchase,Discount
602_17,ACB(Air Circuit Breaker),0.3447098976109215,Loyalty,Bulk Purchase,Discount
602_17,PSS(Compact Sub-Stations),0.34150612959719795,Loyalty,Discount,Bulk Purchase
440_40,AIS(Air Insulated Switchgear),0.37323943661971826,Loyalty,Bulk Purchase,Discount
440_40,VCB(Vacuum Circuit Breaker),0.3447098976109215,Loyalty,Bulk Purchase,Discount
440_40,ACB(Air Circuit Breaker),0.34150612959719795,Loyalty,Bulk Purchase,Discount
838_24,VCU(Vacuum Contactor Units),0.3552188552188552,Loyalty,Bulk Purchase,Discount
838_24,PSS(Compact Sub-Stations),0.34595524956970736,Loyalty,Discount,Bulk Purchase
838_24,VCB(Vacuum Circuit Breaker),0.33274956217162877,Loyalty,Bulk Purchase,Discount
571_60,VCU(Vacuum Contactor Units),0.3552188552188552,Loyalty,Bulk Purchase,Discount
571_60,Modular Switches,0.34595524956970736,Bulk Purchase,Discount,Loyalty
571_60,PSS(Compact Sub-Stations),0.33274956217162877,Loyalty,Discount,Bulk Purchase
880_62,VCU(Vacuum Contactor Units),0.3552188552188552,Loyalty,Bulk Purchase,Discount
880_62,PSS(Compact Sub-Stations),0.34595524956970736,Loyalty,Discount,Bulk Purchase
880_62,VCB(Vacuum Circuit Breaker),0.33274956217162877,Loyalty,Bulk Purchase,Discount
262_63,VCU(Vacuum Contactor Units),0.34150612959719795,Loyalty,Bulk Purchase,Discount
262_63,PSS(Compact Sub-Stations),0.33673469387755106,Loyalty,Discount,Bulk Purchase
262_63,ACB(Air Circuit Breaker),0.3287671232876712,Loyalty,Bulk Purchase,Discount
579_85,VCU(Vacuum Contactor Units),0.37323943661971826,Loyalty,Bulk Purchase,Discount
579_85,VCB(Vacuum Circuit Breaker),0.34003350083752093,Loyalty,Bulk Purchase,Discount
579_85,PSS(Compact Sub-Stations),0.3293918918918919,Loyalty,Discount,Bulk Purchase
024_72,VCU(Vacuum Contactor Units),0.34150612959719795,Loyalty,Bulk Purchase,Discount
024_72,Modular Switches,0.33673469387755106,Bulk Purchase,Discount,Loyalty
024_72,PSS(Compact Sub-Stations),0.3287671232876712,Loyalty,Discount,Bulk Purchase
031_12,VCU(Vacuum Contactor Units),0.34150612959719795,Loyalty,Bulk Purchase,Discount
031_12,MCCB(Moduled Case Circuit Breaker),0.33673469387755106,Loyalty,Bulk Purchase,Discount
031_12,ACB(Air Circuit Breaker),0.3287671232876712,Loyalty,Bulk Purchase,Discount
618_67,VCU(Vacuum Contactor Units),0.3539518900343642,Loyalty,Bulk Purchase,Discount
618_67,Modular Switches,0.3447098976109215,Bulk Purchase,Discount,Loyalty
618_67,VCB(Vacuum Circuit Breaker),0.34219269102990035,Loyalty,Bulk Purchase,Discount
011_25,VCU(Vacuum Contactor Units),0.34595524956970736,Loyalty,Bulk Purchase,Discount
011_25,VCB(Vacuum Circuit Breaker),0.3408304498269896,Loyalty,Bulk Purchase,Discount
011_25,BBT(Busbar Trunking),0.3406408094435076,Bulk Purchase,Loyalty,Discount
222_51,VCU(Vacuum Contactor Units),0.3552188552188552,Loyalty,Bulk Purchase,Discount
222_51,MCCB(Moduled Case Circuit Breaker),0.34595524956970736,Loyalty,Bulk Purchase,Discount
222_51,ACB(Air Circuit Breaker),0.33274956217162877,Loyalty,Bulk Purchase,Discount
821_49,VCU(Vacuum Contactor Units),0.34150612959719795,Loyalty,Bulk Purchase,Discount
821_49,PSS(Compact Sub-Stations),0.33673469387755106,Loyalty,Discount,Bulk Purchase
821_49,ACB(Air Circuit Breaker),0.3287671232876712,Loyalty,Bulk Purchase,Discount
297_41,VCU(Vacuum Contactor Units),0.34595524956970736,Loyalty,Bulk Purchase,Discount
297_41,MCCB(Moduled Case Circuit Breaker),0.3408304498269896,Loyalty,Bulk Purchase,Discount
297_41,VCB(Vacuum Circuit Breaker),0.3406408094435076,Loyalty,Bulk Purchase,Discount
055_92,VCU(Vacuum Contactor Units),0.34150612959719795,Loyalty,Bulk Purchase,Discount
055_92,PSS(Compact Sub-Stations),0.33673469387755106,Loyalty,Discount,Bulk Purchase
055_92,VCB(Vacuum Circuit Breaker),0.3287671232876712,Loyalty,Bulk Purchase,Discount
543_56,VCU(Vacuum Contactor Units),0.34150612959719795,Loyalty,Bulk Purchase,Discount
543_56,MCCB(Moduled Case Circuit Breaker),0.33673469387755106,Loyalty,Bulk Purchase,Discount
543_56,Modular Switches,0.3287671232876712,Bulk Purchase,Discount,Loyalty
210_42,VCU(Vacuum Contactor Units),0.34150612959719795,Loyalty,Bulk Purchase,Discount
210_42,MCCB(Moduled Case Circuit Breaker),0.33673469387755106,Loyalty,Bulk Purchase,Discount
210_42,ACB(Air Circuit Breaker),0.3287671232876712,Loyalty,Bulk Purchase,Discount
605_34,VCU(Vacuum Contactor Units),0.34150612959719795,Loyalty,Bulk Purchase,Discount
605_34,Modular Switches,0.33673469387755106,Bulk Purchase,Discount,Loyalty
605_34,PSS(Compact Sub-Stations),0.3287671232876712,Loyalty,Discount,Bulk Purchase
693_79,VCU(Vacuum Contactor Units),0.3552188552188552,Loyalty,Bulk Purchase,Discount
693_79,Modular Switches,0.34595524956970736,Bulk Purchase,Discount,Loyalty
693_79,VCB(Vacuum Circuit Breaker),0.33274956217162877,Loyalty,Bulk Purchase,Discount
663_34,VCU(Vacuum Contactor Units),0.34150612959719795,Loyalty,Bulk Purchase,Discount
663_34,Modular Switches,0.33673469387755106,Bulk Purchase,Discount,Loyalty
663_34,VCB(Vacuum Circuit Breaker),0.3287671232876712,Loyalty,Bulk Purchase,Discount
867_17,VCU(Vacuum Contactor Units),0.34150612959719795,Loyalty,Bulk Purchase,Discount
867_17,Modular Switches,0.33673469387755106,Bulk Purchase,Discount,Loyalty
867_17,PSS(Compact Sub-Stations),0.3287671232876712,Loyalty,Discount,Bulk Purchase
071_78,VCU(Vacuum Contactor Units),0.34150612959719795,Loyalty,Bulk Purchase,Discount
071_78,Modular Switches,0.33673469387755106,Bulk Purchase,Discount,Loyalty
071_78,PSS(Compact Sub-Stations),0.3287671232876712,Loyalty,Discount,Bulk Purchase
544_63,VCU(Vacuum Contactor Units),0.3552188552188552,Loyalty,Bulk Purchase,Discount
544_63,Modular Switches,0.34595524956970736,Bulk Purchase,Discount,Loyalty
544_63,VCB(Vacuum Circuit Breaker),0.33274956217162877,Loyalty,Bulk Purchase,Discount
108_83,VCU(Vacuum Contactor Units),0.34150612959719795,Loyalty,Bulk Purchase,Discount
108_83,Modular Switches,0.33673469387755106,Bulk Purchase,Discount,Loyalty
108_83,VCB(Vacuum Circuit Breaker),0.3287671232876712,Loyalty,Bulk Purchase,Discount
494_77,VCU(Vacuum Contactor Units),0.3539518900343642,Loyalty,Bulk Purchase,Discount
494_77,Modular Switches,0.3447098976109215,Bulk Purchase,Discount,Loyalty
494_77,VCB(Vacuum Circuit Breaker),0.34219269102990035,Loyalty,Bulk Purchase,Discount
591_91,VCU(Vacuum Contactor Units),0.34150612959719795,Loyalty,Bulk Purchase,Discount
591_91,Modular Switches,0.33673469387755106,Bulk Purchase,Discount,Loyalty
591_91,ACB(Air Circuit Breaker),0.3287671232876712,Loyalty,Bulk Purchase,Discount
742_97,VCU(Vacuum Contactor Units),0.34150612959719795,Loyalty,Bulk Purchase,Discount
742_97,ACB(Air Circuit Breaker),0.33673469387755106,Loyalty,Bulk Purchase,Discount
742_97,VCB(Vacuum Circuit Breaker),0.3287671232876712,Loyalty,Bulk Purchase,Discount
293_39,MCCB(Moduled Case Circuit Breaker),0.3552188552188552,Loyalty,Bulk Purchase,Discount
293_39,ACB(Air Circuit Breaker),0.34595524956970736,Loyalty,Bulk Purchase,Discount
293_39,VCB(Vacuum Circuit Breaker),0.33274956217162877,Loyalty,Bulk Purchase,Discount
290_28,VCU(Vacuum Contactor Units),0.34150612959719795,Loyalty,Bulk Purchase,Discount
290_28,MCCB(Moduled Case Circuit Breaker),0.33673469387755106,Loyalty,Bulk Purchase,Discount
290_28,Modular Switches,0.3287671232876712,Bulk Purchase,Discount,Loyalty
653_20,AIS(Air Insulated Switchgear),0.37323943661971826,Loyalty,Bulk Purchase,Discount
653_20,ACB(Air Circuit Breaker),0.3447098976109215,Loyalty,Bulk Purchase,Discount
653_20,VCB(Vacuum Circuit Breaker),0.34150612959719795,Loyalty,Bulk Purchase,Discount
040_24,VCU(Vacuum Contactor Units),0.34150612959719795,Loyalty,Bulk Purchase,Discount
040_24,Modular Switches,0.33673469387755106,Bulk Purchase,Discount,Loyalty
040_24,VCB(Vacuum Circuit Breaker),0.3287671232876712,Loyalty,Bulk Purchase,Discount
590_81,VCU(Vacuum Contactor Units),0.34150612959719795,Loyalty,Bulk Purchase,Discount
590_81,PSS(Compact Sub-Stations),0.33673469387755106,Loyalty,Discount,Bulk Purchase
590_81,VCB(Vacuum Circuit Breaker),0.3287671232876712,Loyalty,Bulk Purchase,Discount
308_95,VCU(Vacuum Contactor Units),0.3539518900343642,Loyalty,Bulk Purchase,Discount
308_95,MCCB(Moduled Case Circuit Breaker),0.3447098976109215,Loyalty,Bulk Purchase,Discount
308_95,Modular Switches,0.34219269102990035,Bulk Purchase,Discount,Loyalty
680_26,VCU(Vacuum Contactor Units),0.34150612959719795,Loyalty,Bulk Purchase,Discount
680_26,Modular Switches,0.33673469387755106,Bulk Purchase,Discount,Loyalty
680_26,PSS(Compact Sub-Stations),0.3287671232876712,Loyalty,Discount,Bulk Purchase
067_5,VCU(Vacuum Contactor Units),0.3539518900343642,Loyalty,Bulk Purchase,Discount
067_5,MCCB(Moduled Case Circuit Breaker),0.3447098976109215,Loyalty,Bulk Purchase,Discount
067_5,Modular Switches,0.34219269102990035,Bulk Purchase,Discount,Loyalty
276_43,MCCB(Moduled Case Circuit Breaker),0.34595524956970736,Loyalty,Bulk Purchase,Discount
276_43,VCB(Vacuum Circuit Breaker),0.3408304498269896,Loyalty,Bulk Purchase,Discount
276_43,BBT(Busbar Trunking),0.3406408094435076,Bulk Purchase,Loyalty,Discount
068_46,VCU(Vacuum Contactor Units),0.3552188552188552,Loyalty,Bulk Purchase,Discount
068_46,PSS(Compact Sub-Stations),0.34595524956970736,Loyalty,Discount,Bulk Purchase
068_46,VCB(Vacuum Circuit Breaker),0.33274956217162877,Loyalty,Bulk Purchase,Discount
319_23,VCU(Vacuum Contactor Units),0.34150612959719795,Loyalty,Bulk Purchase,Discount
319_23,ACB(Air Circuit Breaker),0.33673469387755106,Loyalty,Bulk Purchase,Discount
319_23,VCB(Vacuum Circuit Breaker),0.3287671232876712,Loyalty,Bulk Purchase,Discount
549_45,VCU(Vacuum Contactor Units),0.3552188552188552,Loyalty,Bulk Purchase,Discount
549_45,PSS(Compact Sub-Stations),0.34595524956970736,Loyalty,Discount,Bulk Purchase
549_45,VCB(Vacuum Circuit Breaker),0.33274956217162877,Loyalty,Bulk Purchase,Discount
999_85,VCU(Vacuum Contactor Units),0.34150612959719795,Loyalty,Bulk Purchase,Discount
999_85,PSS(Compact Sub-Stations),0.33673469387755106,Loyalty,Discount,Bulk Purchase
999_85,ACB(Air Circuit Breaker),0.3287671232876712,Loyalty,Bulk Purchase,Discount
715_75,VCU(Vacuum Contactor Units),0.34595524956970736,Loyalty,Bulk Purchase,Discount
715_75,PSS(Compact Sub-Stations),0.3408304498269896,Loyalty,Discount,Bulk Purchase
715_75,VCB(Vacuum Circuit Breaker),0.3406408094435076,Loyalty,Bulk Purchase,Discount
754_53,VCU(Vacuum Contactor Units),0.37323943661971826,Loyalty,Bulk Purchase,Discount
754_53,AIS(Air Insulated Switchgear),0.3447098976109215,Loyalty,Bulk Purchase,Discount
754_53,ACB(Air Circuit Breaker),0.34150612959719795,Loyalty,Bulk Purchase,Discount
328_91,VCU(Vacuum Contactor Units),0.34150612959719795,Loyalty,Bulk Purchase,Discount
328_91,Modular Switches,0.33673469387755106,Bulk Purchase,Discount,Loyalty
328_91,ACB(Air Circuit Breaker),0.3287671232876712,Loyalty,Bulk Purchase,Discount
383_89,VCU(Vacuum Contactor Units),0.34150612959719795,Loyalty,Bulk Purchase,Discount
383_89,ACB(Air Circuit Breaker),0.33673469387755106,Loyalty,Bulk Purchase,Discount
383_89,VCB(Vacuum Circuit Breaker),0.3287671232876712,Loyalty,Bulk Purchase,Discount
452_93,VCU(Vacuum Contactor Units),0.3539518900343642,Loyalty,Bulk Purchase,Discount
452_93,Modular Switches,0.3447098976109215,Bulk Purchase,Discount,Loyalty
452_93,PSS(Compact Sub-Stations),0.34219269102990035,Loyalty,Discount,Bulk Purchase
523_56,VCU(Vacuum Contactor Units),0.34150612959719795,Loyalty,Bulk Purchase,Discount
523_56,VCB(Vacuum Circuit Breaker),0.33673469387755106,Loyalty,Bulk Purchase,Discount
523_56,BBT(Busbar Trunking),0.3287671232876712,Bulk Purchase,Loyalty,Discount
219_42,VCU(Vacuum Contactor Units),0.3552188552188552,Loyalty,Bulk Purchase,Discount
219_42,Modular Switches,0.34595524956970736,Bulk Purchase,Discount,Loyalty
219_42,PSS(Compact Sub-Stations),0.33274956217162877,Loyalty,Discount,Bulk Purchase
788_98,VCU(Vacuum Contactor Units),0.34150612959719795,Loyalty,Bulk Purchase,Discount
788_98,Modular Switches,0.33673469387755106,Bulk Purchase,Discount,Loyalty
788_98,PSS(Compact Sub-Stations),0.3287671232876712,Loyalty,Discount,Bulk Purchase
437_21,VCU(Vacuum Contactor Units),0.34150612959719795,Loyalty,Bulk Purchase,Discount
437_21,Modular Switches,0.33673469387755106,Bulk Purchase,Discount,Loyalty
437_21,VCB(Vacuum Circuit Breaker),0.3287671232876712,Loyalty,Bulk Purchase,Discount
765_44,VCU(Vacuum Contactor Units),0.34150612959719795,Loyalty,Bulk Purchase,Discount
765_44,MCCB(Moduled Case Circuit Breaker),0.33673469387755106,Loyalty,Bulk Purchase,Discount
765_44,Modular Switches,0.3287671232876712,Bulk Purchase,Discount,Loyalty
089_56,VCU(Vacuum Contactor Units),0.34150612959719795,Loyalty,Bulk Purchase,Discount
089_56,VCB(Vacuum Circuit Breaker),0.33673469387755106,Loyalty,Bulk Purchase,Discount
089_56,BBT(Busbar Trunking),0.3287671232876712,Bulk Purchase,Loyalty,Discount
064_67,VCU(Vacuum Contactor Units),0.3539518900343642,Loyalty,Bulk Purchase,Discount
064_67,Modular Switches,0.3447098976109215,Bulk Purchase,Discount,Loyalty
064_67,VCB(Vacuum Circuit Breaker),0.34219269102990035,Loyalty,Bulk Purchase,Discount
827_8,VCU(Vacuum Contactor Units),0.3552188552188552,Loyalty,Bulk Purchase,Discount
827_8,Modular Switches,0.34595524956970736,Bulk Purchase,Discount,Loyalty
827_8,PSS(Compact Sub-Stations),0.33274956217162877,Loyalty,Discount,Bulk Purchase
717_43,MCCB(Moduled Case Circuit Breaker),0.37323943661971826,Loyalty,Bulk Purchase,Discount
717_43,AIS(Air Insulated Switchgear),0.3447098976109215,Loyalty,Bulk Purchase,Discount
717_43,ACB(Air Circuit Breaker),0.34150612959719795,Loyalty,Bulk Purchase,Discount
352_22,VCU(Vacuum Contactor Units),0.3539518900343642,Loyalty,Bulk Purchase,Discount
352_22,Modular Switches,0.3447098976109215,Bulk Purchase,Discount,Loyalty
352_22,ACB(Air Circuit Breaker),0.34219269102990035,Loyalty,Bulk Purchase,Discount
937_74,VCU(Vacuum Contactor Units),0.34150612959719795,Loyalty,Bulk Purchase,Discount
937_74,PSS(Compact Sub-Stations),0.33673469387755106,Loyalty,Discount,Bulk Purchase
937_74,ACB(Air Circuit Breaker),0.3287671232876712,Loyalty,Bulk Purchase,Discount
257_36,VCU(Vacuum Contactor Units),0.34150612959719795,Loyalty,Bulk Purchase,Discount
257_36,Modular Switches,0.33673469387755106,Bulk Purchase,Discount,Loyalty
257_36,VCB(Vacuum Circuit Breaker),0.3287671232876712,Loyalty,Bulk Purchase,Discount
636_78,VCU(Vacuum Contactor Units),0.34150612959719795,Loyalty,Bulk Purchase,Discount
636_78,MCCB(Moduled Case Circuit Breaker),0.33673469387755106,Loyalty,Bulk Purchase,Discount
636_78,ACB(Air Circuit Breaker),0.3287671232876712,Loyalty,Bulk Purchase,Discount
645_61,MCCB(Moduled Case Circuit Breaker),0.37323943661971826,Loyalty,Bulk Purchase,Discount
645_61,AIS(Air Insulated Switchgear),0.3447098976109215,Loyalty,Bulk Purchase,Discount
645_61,ACB(Air Circuit Breaker),0.34150612959719795,Loyalty,Bulk Purchase,Discount
555_72,VCU(Vacuum Contactor Units),0.34150612959719795,Loyalty,Bulk Purchase,Discount
555_72,ACB(Air Circuit Breaker),0.33673469387755106,Loyalty,Bulk Purchase,Discount
555_72,VCB(Vacuum Circuit Breaker),0.3287671232876712,Loyalty,Bulk Purchase,Discount
960_14,VCU(Vacuum Contactor Units),0.34150612959719795,Loyalty,Bulk Purchase,Discount
960_14,Modular Switches,0.33673469387755106,Bulk Purchase,Discount,Loyalty
960_14,PSS(Compact Sub-Stations),0.3287671232876712,Loyalty,Discount,Bulk Purchase
169_88,VCU(Vacuum Contactor Units),0.34150612959719795,Loyalty,Bulk Purchase,Discount
169_88,VCB(Vacuum Circuit Breaker),0.33673469387755106,Loyalty,Bulk Purchase,Discount
169_88,BBT(Busbar Trunking),0.3287671232876712,Bulk Purchase,Loyalty,Discount
918_16,VCU(Vacuum Contactor Units),0.3552188552188552,Loyalty,Bulk Purchase,Discount
918_16,Modular Switches,0.34595524956970736,Bulk Purchase,Discount,Loyalty
918_16,PSS(Compact Sub-Stations),0.33274956217162877,Loyalty,Discount,Bulk Purchase
529_46,VCU(Vacuum Contactor Units),0.3552188552188552,Loyalty,Bulk Purchase,Discount
529_46,Modular Switches,0.34595524956970736,Bulk Purchase,Discount,Loyalty
529_46,PSS(Compact Sub-Stations),0.33274956217162877,Loyalty,Discount,Bulk Purchase
824_25,VCU(Vacuum Contactor Units),0.34150612959719795,Loyalty,Bulk Purchase,Discount
824_25,Modular Switches,0.33673469387755106,Bulk Purchase,Discount,Loyalty
824_25,PSS(Compact Sub-Stations),0.3287671232876712,Loyalty,Discount,Bulk Purchase
986_5,VCU(Vacuum Contactor Units),0.34150612959719795,Loyalty,Bulk Purchase,Discount
986_5,PSS(Compact Sub-Stations),0.33673469387755106,Loyalty,Discount,Bulk Purchase
986_5,VCB(Vacuum Circuit Breaker),0.3287671232876712,Loyalty,Bulk Purchase,Discount
817_83,VCU(Vacuum Contactor Units),0.34150612959719795,Loyalty,Bulk Purchase,Discount
817_83,MCCB(Moduled Case Circuit Breaker),0.33673469387755106,Loyalty,Bulk Purchase,Discount
817_83,Modular Switches,0.3287671232876712,Bulk Purchase,Discount,Loyalty
087_41,MCCB(Moduled Case Circuit Breaker),0.3552188552188552,Loyalty,Bulk Purchase,Discount
087_41,ACB(Air Circuit Breaker),0.34595524956970736,Loyalty,Bulk Purchase,Discount
087_41,VCB(Vacuum Circuit Breaker),0.33274956217162877,Loyalty,Bulk Purchase,Discount
433_61,VCU(Vacuum Contactor Units),0.34150612959719795,Loyalty,Bulk Purchase,Discount
433_61,PSS(Compact Sub-Stations),0.33673469387755106,Loyalty,Discount,Bulk Purchase
433_61,ACB(Air Circuit Breaker),0.3287671232876712,Loyalty,Bulk Purchase,Discount
185_89,VCB(Vacuum Circuit Breaker),0.34595524956970736,Loyalty,Bulk Purchase,Discount
185_89,BBT(Busbar Trunking),0.3408304498269896,Bulk Purchase,Loyalty,Discount
185_89,PSS(Compact Sub-Stations),0.3406408094435076,Loyalty,Discount,Bulk Purchase
979_83,VCU(Vacuum Contactor Units),0.3552188552188552,Loyalty,Bulk Purchase,Discount
979_83,MCCB(Moduled Case Circuit Breaker),0.34595524956970736,Loyalty,Bulk Purchase,Discount
979_83,ACB(Air Circuit Breaker),0.33274956217162877,Loyalty,Bulk Purchase,Discount
535_49,VCB(Vacuum Circuit Breaker),0.3552188552188552,Loyalty,Bulk Purchase,Discount
535_49,E-House,0.34595524956970736,Loyalty,Bulk Purchase,Discount
535_49,MCCB(Moduled Case Circuit Breaker),0.33274956217162877,Loyalty,Bulk Purchase,Discount
295_77,VCU(Vacuum Contactor Units),0.34150612959719795,Loyalty,Bulk Purchase,Discount
295_77,VCB(Vacuum Circuit Breaker),0.33673469387755106,Loyalty,Bulk Purchase,Discount
295_77,BBT(Busbar Trunking),0.3287671232876712,Bulk Purchase,Loyalty,Discount
893_77,VCU(Vacuum Contactor Units),0.34150612959719795,Loyalty,Bulk Purchase,Discount
893_77,MCCB(Moduled Case Circuit Breaker),0.33673469387755106,Loyalty,Bulk Purchase,Discount
893_77,ACB(Air Circuit Breaker),0.3287671232876712,Loyalty,Bulk Purchase,Discount
426_81,VCU(Vacuum Contactor Units),0.3552188552188552,Loyalty,Bulk Purchase,Discount
426_81,PSS(Compact Sub-Stations),0.34595524956970736,Loyalty,Discount,Bulk Purchase
426_81,VCB(Vacuum Circuit Breaker),0.33274956217162877,Loyalty,Bulk Purchase,Discount
714_70,VCU(Vacuum Contactor Units),0.3552188552188552,Loyalty,Bulk Purchase,Discount
714_70,Modular Switches,0.34595524956970736,Bulk Purchase,Discount,Loyalty
714_70,PSS(Compact Sub-Stations),0.33274956217162877,Loyalty,Discount,Bulk Purchase
261_25,VCU(Vacuum Contactor Units),0.34150612959719795,Loyalty,Bulk Purchase,Discount
261_25,ACB(Air Circuit Breaker),0.33673469387755106,Loyalty,Bulk Purchase,Discount
261_25,VCB(Vacuum Circuit Breaker),0.3287671232876712,Loyalty,Bulk Purchase,Discount
238_58,VCU(Vacuum Contactor Units),0.34150612959719795,Loyalty,Bulk Purchase,Discount
238_58,VCB(Vacuum Circuit Breaker),0.33673469387755106,Loyalty,Bulk Purchase,Discount
238_58,BBT(Busbar Trunking),0.3287671232876712,Bulk Purchase,Loyalty,Discount
560_32,VCU(Vacuum Contactor Units),0.3552188552188552,Loyalty,Bulk Purchase,Discount
560_32,Modular Switches,0.34595524956970736,Bulk Purchase,Discount,Loyalty
560_32,PSS(Compact Sub-Stations),0.33274956217162877,Loyalty,Discount,Bulk Purchase
584_95,VCU(Vacuum Contactor Units),0.3539518900343642,Loyalty,Bulk Purchase,Discount
584_95,Modular Switches,0.3447098976109215,Bulk Purchase,Discount,Loyalty
584_95,ACB(Air Circuit Breaker),0.34219269102990035,Loyalty,Bulk Purchase,Discount
446_16,VCB(Vacuum Circuit Breaker),0.3466666666666667,Loyalty,Bulk Purchase,Discount
446_16,E-House,0.3316582914572864,Loyalty,Bulk Purchase,Discount
446_16,RMU(Ring Main Unit),0.3305084745762712,Loyalty,Bulk Purchase,Discount
868_69,VCU(Vacuum Contactor Units),0.34150612959719795,Loyalty,Bulk Purchase,Discount
868_69,Modular Switches,0.33673469387755106,Bulk Purchase,Discount,Loyalty
868_69,PSS(Compact Sub-Stations),0.3287671232876712,Loyalty,Discount,Bulk Purchase
801_92,VCU(Vacuum Contactor Units),0.3539518900343642,Loyalty,Bulk Purchase,Discount
801_92,Modular Switches,0.3447098976109215,Bulk Purchase,Discount,Loyalty
801_92,ACB(Air Circuit Breaker),0.34219269102990035,Loyalty,Bulk Purchase,Discount
600_1,VCU(Vacuum Contactor Units),0.34150612959719795,Loyalty,Bulk Purchase,Discount
600_1,VCB(Vacuum Circuit Breaker),0.33673469387755106,Loyalty,Bulk Purchase,Discount
600_1,BBT(Busbar Trunking),0.3287671232876712,Bulk Purchase,Loyalty,Discount
850_72,VCU(Vacuum Contactor Units),0.3552188552188552,Loyalty,Bulk Purchase,Discount
850_72,Modular Switches,0.34595524956970736,Bulk Purchase,Discount,Loyalty
850_72,PSS(Compact Sub-Stations),0.33274956217162877,Loyalty,Discount,Bulk Purchase
266_94,VCU(Vacuum Contactor Units),0.34595524956970736,Loyalty,Bulk Purchase,Discount
266_94,VCB(Vacuum Circuit Breaker),0.3408304498269896,Loyalty,Bulk Purchase,Discount
266_94,SDF(Switch Disconnectors),0.3406408094435076,Loyalty,Bulk Purchase,Discount
996_99,MCCB(Moduled Case Circuit Breaker),0.3552188552188552,Loyalty,Bulk Purchase,Discount
996_99,ACB(Air Circuit Breaker),0.34595524956970736,Loyalty,Bulk Purchase,Discount
996_99,VCB(Vacuum Circuit Breaker),0.33274956217162877,Loyalty,Bulk Purchase,Discount
530_68,VCU(Vacuum Contactor Units),0.3552188552188552,Loyalty,Bulk Purchase,Discount
530_68,Modular Switches,0.34595524956970736,Bulk Purchase,Discount,Loyalty
530_68,PSS(Compact Sub-Stations),0.33274956217162877,Loyalty,Discount,Bulk Purchase
056_64,VCU(Vacuum Contactor Units),0.34150612959719795,Loyalty,Bulk Purchase,Discount
056_64,Modular Switches,0.33673469387755106,Bulk Purchase,Discount,Loyalty
056_64,VCB(Vacuum Circuit Breaker),0.3287671232876712,Loyalty,Bulk Purchase,Discount
121_66,PSS(Compact Sub-Stations),0.3552188552188552,Loyalty,Discount,Bulk Purchase
121_66,VCB(Vacuum Circuit Breaker),0.34595524956970736,Loyalty,Bulk Purchase,Discount
121_66,BBT(Busbar Trunking),0.33274956217162877,Bulk Purchase,Loyalty,Discount
216_82,VCU(Vacuum Contactor Units),0.34150612959719795,Loyalty,Bulk Purchase,Discount
216_82,Modular Switches,0.33673469387755106,Bulk Purchase,Discount,Loyalty
216_82,PSS(Compact Sub-Stations),0.3287671232876712,Loyalty,Discount,Bulk Purchase
026_21,VCU(Vacuum Contactor Units),0.34150612959719795,Loyalty,Bulk Purchase,Discount
026_21,PSS(Compact Sub-Stations),0.33673469387755106,Loyalty,Discount,Bulk Purchase
026_21,ACB(Air Circuit Breaker),0.3287671232876712,Loyalty,Bulk Purchase,Discount
073_86,VCU(Vacuum Contactor Units),0.34150612959719795,Loyalty,Bulk Purchase,Discount
073_86,Modular Switches,0.33673469387755106,Bulk Purchase,Discount,Loyalty
073_86,PSS(Compact Sub-Stations),0.3287671232876712,Loyalty,Discount,Bulk Purchase
045_11,VCU(Vacuum Contactor Units),0.34150612959719795,Loyalty,Bulk Purchase,Discount
045_11,Modular Switches,0.33673469387755106,Bulk Purchase,Discount,Loyalty
045_11,ACB(Air Circuit Breaker),0.3287671232876712,Loyalty,Bulk Purchase,Discount
248_74,MCCB(Moduled Case Circuit Breaker),0.37323943661971826,Loyalty,Bulk Purchase,Discount
248_74,AIS(Air Insulated Switchgear),0.3447098976109215,Loyalty,Bulk Purchase,Discount
248_74,ACB(Air Circuit Breaker),0.34150612959719795,Loyalty,Bulk Purchase,Discount
722_81,PSS(Compact Sub-Stations),0.3552188552188552,Loyalty,Discount,Bulk Purchase
722_81,VCB(Vacuum Circuit Breaker),0.34595524956970736,Loyalty,Bulk Purchase,Discount
722_81,BBT(Busbar Trunking),0.33274956217162877,Bulk Purchase,Loyalty,Discount
282_79,VCU(Vacuum Contactor Units),0.34150612959719795,Loyalty,Bulk Purchase,Discount
282_79,VCB(Vacuum Circuit Breaker),0.33673469387755106,Loyalty,Bulk Purchase,Discount
282_79,BBT(Busbar Trunking),0.3287671232876712,Bulk Purchase,Loyalty,Discount
894_76,VCU(Vacuum Contactor Units),0.34150612959719795,Loyalty,Bulk Purchase,Discount
894_76,PSS(Compact Sub-Stations),0.33673469387755106,Loyalty,Discount,Bulk Purchase
894_76,VCB(Vacuum Circuit Breaker),0.3287671232876712,Loyalty,Bulk Purchase,Discount
915_79,VCU(Vacuum Contactor Units),0.34150612959719795,Loyalty,Bulk Purchase,Discount
915_79,MCCB(Moduled Case Circuit Breaker),0.33673469387755106,Loyalty,Bulk Purchase,Discount
915_79,Modular Switches,0.3287671232876712,Bulk Purchase,Discount,Loyalty
811_10,VCU(Vacuum Contactor Units),0.3552188552188552,Loyalty,Bulk Purchase,Discount
811_10,PSS(Compact Sub-Stations),0.34595524956970736,Loyalty,Discount,Bulk Purchase
811_10,VCB(Vacuum Circuit Breaker),0.33274956217162877,Loyalty,Bulk Purchase,Discount
245_56,VCU(Vacuum Contactor Units),0.3539518900343642,Loyalty,Bulk Purchase,Discount
245_56,MCCB(Moduled Case Circuit Breaker),0.3447098976109215,Loyalty,Bulk Purchase,Discount
245_56,Modular Switches,0.34219269102990035,Bulk Purchase,Discount,Loyalty
823_97,VCU(Vacuum Contactor Units),0.34150612959719795,Loyalty,Bulk Purchase,Discount
823_97,VCB(Vacuum Circuit Breaker),0.33673469387755106,Loyalty,Bulk Purchase,Discount
823_97,BBT(Busbar Trunking),0.3287671232876712,Bulk Purchase,Loyalty,Discount
322_57,VCU(Vacuum Contactor Units),0.37323943661971826,Loyalty,Bulk Purchase,Discount
322_57,AIS(Air Insulated Switchgear),0.3447098976109215,Loyalty,Bulk Purchase,Discount
322_57,ACB(Air Circuit Breaker),0.34150612959719795,Loyalty,Bulk Purchase,Discount
644_36,VCU(Vacuum Contactor Units),0.34150612959719795,Loyalty,Bulk Purchase,Discount
644_36,Modular Switches,0.33673469387755106,Bulk Purchase,Discount,Loyalty
644_36,VCB(Vacuum Circuit Breaker),0.3287671232876712,Loyalty,Bulk Purchase,Discount
159_80,VCU(Vacuum Contactor Units),0.34150612959719795,Loyalty,Bulk Purchase,Discount
159_80,PSS(Compact Sub-Stations),0.33673469387755106,Loyalty,Discount,Bulk Purchase
159_80,ACB(Air Circuit Breaker),0.3287671232876712,Loyalty,Bulk Purchase,Discount
978_65,VCU(Vacuum Contactor Units),0.34150612959719795,Loyalty,Bulk Purchase,Discount
978_65,Modular Switches,0.33673469387755106,Bulk Purchase,Discount,Loyalty
978_65,ACB(Air Circuit Breaker),0.3287671232876712,Loyalty,Bulk Purchase,Discount
430_11,VCU(Vacuum Contactor Units),0.3552188552188552,Loyalty,Bulk Purchase,Discount
430_11,VCB(Vacuum Circuit Breaker),0.347972972972973,Loyalty,Bulk Purchase,Discount
430_11,BBT(Busbar Trunking),0.3466666666666667,Bulk Purchase,Loyalty,Discount
942_62,VCU(Vacuum Contactor Units),0.3539518900343642,Loyalty,Bulk Purchase,Discount
942_62,Modular Switches,0.3447098976109215,Bulk Purchase,Discount,Loyalty
942_62,PSS(Compact Sub-Stations),0.34219269102990035,Loyalty,Discount,Bulk Purchase
463_60,VCU(Vacuum Contactor Units),0.3552188552188552,Loyalty,Bulk Purchase,Discount
463_60,Modular Switches,0.34595524956970736,Bulk Purchase,Discount,Loyalty
463_60,PSS(Compact Sub-Stations),0.33274956217162877,Loyalty,Discount,Bulk Purchase
310_39,VCU(Vacuum Contactor Units),0.34150612959719795,Loyalty,Bulk Purchase,Discount
310_39,PSS(Compact Sub-Stations),0.33673469387755106,Loyalty,Discount,Bulk Purchase
310_39,ACB(Air Circuit Breaker),0.3287671232876712,Loyalty,Bulk Purchase,Discount
698_55,VCU(Vacuum Contactor Units),0.3539518900343642,Loyalty,Bulk Purchase,Discount
698_55,MCCB(Moduled Case Circuit Breaker),0.3447098976109215,Loyalty,Bulk Purchase,Discount
698_55,Modular Switches,0.34219269102990035,Bulk Purchase,Discount,Loyalty
061_79,VCU(Vacuum Contactor Units),0.3539518900343642,Loyalty,Bulk Purchase,Discount
061_79,MCCB(Moduled Case Circuit Breaker),0.3447098976109215,Loyalty,Bulk Purchase,Discount
061_79,Modular Switches,0.34219269102990035,Bulk Purchase,Discount,Loyalty
885_63,VCU(Vacuum Contactor Units),0.34150612959719795,Loyalty,Bulk Purchase,Discount
885_63,Modular Switches,0.33673469387755106,Bulk Purchase,Discount,Loyalty
885_63,PSS(Compact Sub-Stations),0.3287671232876712,Loyalty,Discount,Bulk Purchase
596_83,VCU(Vacuum Contactor Units),0.34150612959719795,Loyalty,Bulk Purchase,Discount
596_83,VCB(Vacuum Circuit Breaker),0.33673469387755106,Loyalty,Bulk Purchase,Discount
596_83,BBT(Busbar Trunking),0.3287671232876712,Bulk Purchase,Loyalty,Discount
768_23,VCU(Vacuum Contactor Units),0.34150612959719795,Loyalty,Bulk Purchase,Discount
768_23,PSS(Compact Sub-Stations),0.33673469387755106,Loyalty,Discount,Bulk Purchase
768_23,ACB(Air Circuit Breaker),0.3287671232876712,Loyalty,Bulk Purchase,Discount
650_2,VCU(Vacuum Contactor Units),0.3552188552188552,Loyalty,Bulk Purchase,Discount
650_2,PSS(Compact Sub-Stations),0.34595524956970736,Loyalty,Discount,Bulk Purchase
650_2,VCB(Vacuum Circuit Breaker),0.33274956217162877,Loyalty,Bulk Purchase,Discount
651_92,VCB(Vacuum Circuit Breaker),0.34595524956970736,Loyalty,Bulk Purchase,Discount
651_92,SDF(Switch Disconnectors),0.3408304498269896,Loyalty,Bulk Purchase,Discount
651_92,RMU(Ring Main Unit),0.3406408094435076,Loyalty,Bulk Purchase,Discount
866_72,VCU(Vacuum Contactor Units),0.3552188552188552,Loyalty,Bulk Purchase,Discount
866_72,MCCB(Moduled Case Circuit Breaker),0.34595524956970736,Loyalty,Bulk Purchase,Discount
866_72,ACB(Air Circuit Breaker),0.33274956217162877,Loyalty,Bulk Purchase,Discount
669_75,VCU(Vacuum Contactor Units),0.3539518900343642,Loyalty,Bulk Purchase,Discount
669_75,MCCB(Moduled Case Circuit Breaker),0.3447098976109215,Loyalty,Bulk Purchase,Discount
669_75,Modular Switches,0.34219269102990035,Bulk Purchase,Discount,Loyalty
299_74,VCU(Vacuum Contactor Units),0.3552188552188552,Loyalty,Bulk Purchase,Discount
299_74,MCCB(Moduled Case Circuit Breaker),0.34595524956970736,Loyalty,Bulk Purchase,Discount
299_74,ACB(Air Circuit Breaker),0.33274956217162877,Loyalty,Bulk Purchase,Discount
690_68,VCU(Vacuum Contactor Units),0.34150612959719795,Loyalty,Bulk Purchase,Discount
690_68,MCCB(Moduled Case Circuit Breaker),0.33673469387755106,Loyalty,Bulk Purchase,Discount
690_68,Modular Switches,0.3287671232876712,Bulk Purchase,Discount,Loyalty
315_87,VCB(Vacuum Circuit Breaker),0.34595524956970736,Loyalty,Bulk Purchase,Discount
315_87,SDF(Switch Disconnectors),0.3408304498269896,Loyalty,Bulk Purchase,Discount
315_87,RMU(Ring Main Unit),0.3406408094435076,Loyalty,Bulk Purchase,Discount
311_95,VCU(Vacuum Contactor Units),0.34150612959719795,Loyalty,Bulk Purchase,Discount
311_95,Modular Switches,0.33673469387755106,Bulk Purchase,Discount,Loyalty
311_95,PSS(Compact Sub-Stations),0.3287671232876712,Loyalty,Discount,Bulk Purchase
362_45,VCU(Vacuum Contactor Units),0.34150612959719795,Loyalty,Bulk Purchase,Discount
362_45,Modular Switches,0.33673469387755106,Bulk Purchase,Discount,Loyalty
362_45,PSS(Compact Sub-Stations),0.3287671232876712,Loyalty,Discount,Bulk Purchase
480_23,VCU(Vacuum Contactor Units),0.34150612959719795,Loyalty,Bulk Purchase,Discount
480_23,Modular Switches,0.33673469387755106,Bulk Purchase,Discount,Loyalty
480_23,VCB(Vacuum Circuit Breaker),0.3287671232876712,Loyalty,Bulk Purchase,Discount
111_6,VCU(Vacuum Contactor Units),0.3539518900343642,Loyalty,Bulk Purchase,Discount
111_6,Modular Switches,0.3447098976109215,Bulk Purchase,Discount,Loyalty
111_6,ACB(Air Circuit Breaker),0.34219269102990035,Loyalty,Bulk Purchase,Discount
990_81,VCU(Vacuum Contactor Units),0.34150612959719795,Loyalty,Bulk Purchase,Discount
990_81,Modular Switches,0.33673469387755106,Bulk Purchase,Discount,Loyalty
990_81,PSS(Compact Sub-Stations),0.3287671232876712,Loyalty,Discount,Bulk Purchase
487_82,VCU(Vacuum Contactor Units),0.34150612959719795,Loyalty,Bulk Purchase,Discount
487_82,Modular Switches,0.33673469387755106,Bulk Purchase,Discount,Loyalty
487_82,PSS(Compact Sub-Stations),0.3287671232876712,Loyalty,Discount,Bulk Purchase
364_17,VCU(Vacuum Contactor Units),0.3552188552188552,Loyalty,Bulk Purchase,Discount
364_17,VCB(Vacuum Circuit Breaker),0.34595524956970736,Loyalty,Bulk Purchase,Discount
364_17,BBT(Busbar Trunking),0.33274956217162877,Bulk Purchase,Loyalty,Discount
255_72,VCU(Vacuum Contactor Units),0.34595524956970736,Loyalty,Bulk Purchase,Discount
255_72,VCB(Vacuum Circuit Breaker),0.3408304498269896,Loyalty,Bulk Purchase,Discount
255_72,BBT(Busbar Trunking),0.3406408094435076,Bulk Purchase,Loyalty,Discount
260_95,AIS(Air Insulated Switchgear),0.37323943661971826,Loyalty,Bulk Purchase,Discount
260_95,ACB(Air Circuit Breaker),0.3447098976109215,Loyalty,Bulk Purchase,Discount
260_95,VCB(Vacuum Circuit Breaker),0.34150612959719795,Loyalty,Bulk Purchase,Discount
803_55,VCU(Vacuum Contactor Units),0.34150612959719795,Loyalty,Bulk Purchase,Discount
803_55,Modular Switches,0.33673469387755106,Bulk Purchase,Discount,Loyalty
803_55,PSS(Compact Sub-Stations),0.3287671232876712,Loyalty,Discount,Bulk Purchase
678_87,VCU(Vacuum Contactor Units),0.34150612959719795,Loyalty,Bulk Purchase,Discount
678_87,MCCB(Moduled Case Circuit Breaker),0.33673469387755106,Loyalty,Bulk Purchase,Discount
678_87,Modular Switches,0.3287671232876712,Bulk Purchase,Discount,Loyalty
495_70,VCU(Vacuum Contactor Units),0.34150612959719795,Loyalty,Bulk Purchase,Discount
495_70,MCCB(Moduled Case Circuit Breaker),0.33673469387755106,Loyalty,Bulk Purchase,Discount
495_70,ACB(Air Circuit Breaker),0.3287671232876712,Loyalty,Bulk Purchase,Discount
671_96,VCU(Vacuum Contactor Units),0.3539518900343642,Loyalty,Bulk Purchase,Discount
671_96,MCCB(Moduled Case Circuit Breaker),0.3447098976109215,Loyalty,Bulk Purchase,Discount
671_96,Modular Switches,0.34219269102990035,Bulk Purchase,Discount,Loyalty
378_60,VCU(Vacuum Contactor Units),0.34150612959719795,Loyalty,Bulk Purchase,Discount
378_60,MCCB(Moduled Case Circuit Breaker),0.33673469387755106,Loyalty,Bulk Purchase,Discount
378_60,Modular Switches,0.3287671232876712,Bulk Purchase,Discount,Loyalty
527_15,VCU(Vacuum Contactor Units),0.3539518900343642,Loyalty,Bulk Purchase,Discount
527_15,MCCB(Moduled Case Circuit Breaker),0.3447098976109215,Loyalty,Bulk Purchase,Discount
527_15,Modular Switches,0.34219269102990035,Bulk Purchase,Discount,Loyalty
846_84,VCU(Vacuum Contactor Units),0.34150612959719795,Loyalty,Bulk Purchase,Discount
846_84,ACB(Air Circuit Breaker),0.33673469387755106,Loyalty,Bulk Purchase,Discount
846_84,VCB(Vacuum Circuit Breaker),0.3287671232876712,Loyalty,Bulk Purchase,Discount
138_86,MCCB(Moduled Case Circuit Breaker),0.37323943661971826,Loyalty,Bulk Purchase,Discount
138_86,AIS(Air Insulated Switchgear),0.3447098976109215,Loyalty,Bulk Purchase,Discount
138_86,ACB(Air Circuit Breaker),0.34150612959719795,Loyalty,Bulk Purchase,Discount
356_67,VCU(Vacuum Contactor Units),0.37323943661971826,Loyalty,Bulk Purchase,Discount
356_67,AIS(Air Insulated Switchgear),0.3447098976109215,Loyalty,Bulk Purchase,Discount
356_67,ACB(Air Circuit Breaker),0.34150612959719795,Loyalty,Bulk Purchase,Discount
366_94,VCU(Vacuum Contactor Units),0.3552188552188552,Loyalty,Bulk Purchase,Discount
366_94,Modular Switches,0.34595524956970736,Bulk Purchase,Discount,Loyalty
366_94,PSS(Compact Sub-Stations),0.33274956217162877,Loyalty,Discount,Bulk Purchase
943_28,VCB(Vacuum Circuit Breaker),0.37323943661971826,Loyalty,Bulk Purchase,Discount
943_28,RMU(Ring Main Unit),0.34003350083752093,Loyalty,Bulk Purchase,Discount
943_28,VCU(Vacuum Contactor Units),0.3293918918918919,Loyalty,Bulk Purchase,Discount
750_98,VCU(Vacuum Contactor Units),0.34150612959719795,Loyalty,Bulk Purchase,Discount
750_98,MCCB(Moduled Case Circuit Breaker),0.33673469387755106,Loyalty,Bulk Purchase,Discount
750_98,Modular Switches,0.3287671232876712,Bulk Purchase,Discount,Loyalty
949_66,VCU(Vacuum Contactor Units),0.34150612959719795,Loyalty,Bulk Purchase,Discount
949_66,Modular Switches,0.33673469387755106,Bulk Purchase,Discount,Loyalty
949_66,ACB(Air Circuit Breaker),0.3287671232876712,Loyalty,Bulk Purchase,Discount
830_94,VCU(Vacuum Contactor Units),0.34150612959719795,Loyalty,Bulk Purchase,Discount
830_94,PSS(Compact Sub-Stations),0.33673469387755106,Loyalty,Discount,Bulk Purchase
830_94,VCB(Vacuum Circuit Breaker),0.3287671232876712,Loyalty,Bulk Purchase,Discount
657_77,PSS(Compact Sub-Stations),0.3552188552188552,Loyalty,Discount,Bulk Purchase
657_77,VCB(Vacuum Circuit Breaker),0.34595524956970736,Loyalty,Bulk Purchase,Discount
657_77,BBT(Busbar Trunking),0.33274956217162877,Bulk Purchase,Loyalty,Discount
200_44,MCCB(Moduled Case Circuit Breaker),0.3552188552188552,Loyalty,Bulk Purchase,Discount
200_44,ACB(Air Circuit Breaker),0.34595524956970736,Loyalty,Bulk Purchase,Discount
200_44,VCB(Vacuum Circuit Breaker),0.33274956217162877,Loyalty,Bulk Purchase,Discount
214_64,MCCB(Moduled Case Circuit Breaker),0.3552188552188552,Loyalty,Bulk Purchase,Discount
214_64,ACB(Air Circuit Breaker),0.34595524956970736,Loyalty,Bulk Purchase,Discount
214_64,VCB(Vacuum Circuit Breaker),0.33274956217162877,Loyalty,Bulk Purchase,Discount
409_34,VCU(Vacuum Contactor Units),0.34150612959719795,Loyalty,Bulk Purchase,Discount
409_34,MCCB(Moduled Case Circuit Breaker),0.33673469387755106,Loyalty,Bulk Purchase,Discount
409_34,ACB(Air Circuit Breaker),0.3287671232876712,Loyalty,Bulk Purchase,Discount
333_97,VCU(Vacuum Contactor Units),0.34150612959719795,Loyalty,Bulk Purchase,Discount
333_97,Modular Switches,0.33673469387755106,Bulk Purchase,Discount,Loyalty
333_97,VCB(Vacuum Circuit Breaker),0.3287671232876712,Loyalty,Bulk Purchase,Discount
209_45,VCU(Vacuum Contactor Units),0.34150612959719795,Loyalty,Bulk Purchase,Discount
209_45,MCCB(Moduled Case Circuit Breaker),0.33673469387755106,Loyalty,Bulk Purchase,Discount
209_45,Modular Switches,0.3287671232876712,Bulk Purchase,Discount,Loyalty
614_53,VCU(Vacuum Contactor Units),0.34150612959719795,Loyalty,Bulk Purchase,Discount
614_53,ACB(Air Circuit Breaker),0.33673469387755106,Loyalty,Bulk Purchase,Discount
614_53,VCB(Vacuum Circuit Breaker),0.3287671232876712,Loyalty,Bulk Purchase,Discount
079_39,AIS(Air Insulated Switchgear),0.37323943661971826,Loyalty,Bulk Purchase,Discount
079_39,ACB(Air Circuit Breaker),0.3447098976109215,Loyalty,Bulk Purchase,Discount
079_39,VCB(Vacuum Circuit Breaker),0.34150612959719795,Loyalty,Bulk Purchase,Discount
