Partner_id,AIS(Air Insulated Switchgear),RMU(Ring Main Unit),PSS(Compact Sub-Stations),VCU(Vacuum Contactor Units),E-House,VCB(Vacuum Circuit Breaker),ACB(Air Circuit Breaker),MCCB(Moduled Case Circuit Breaker),SDF(Switch Disconnectors),BBT(Busbar Trunking),Modular Switches,Starter,Controller,Solar Solutions,Pump Starter and Controller,Geography,Stockist_Type,Scheme_Type,Sales_Value_Last_Period,Sales_Quantity_Last_Period,MRP,Growth_Percentage,Discount_Applied,Bulk_Purchase_Tendency,New_Stockist,Feedback_Score
030_57,1,0,0,0,0,1,1,0,0,1,0,1,1,1,1,West,Wholesaler,Bulk Purchase,28397,14,1896,8.97,5,0,1,4.6
536_48,1,0,1,0,0,0,1,1,0,1,1,1,0,1,0,Central,Wholesaler,Loyalty,27271,76,3166,20.72,4,1,0,4.7
696_47,1,0,0,0,0,0,1,0,0,0,1,0,1,1,1,South,Wholesaler,Bulk Purchase,24783,65,4926,8.58,1,0,0,3.1
558_89,1,1,1,0,1,1,0,1,0,0,0,0,0,0,1,Central,Retailer,Discount,29290,26,3769,-3.38,9,1,1,1.1
837_22,1,1,1,1,0,0,1,0,0,1,1,1,0,1,0,Central,Wholesaler,Discount,13296,90,4874,-0.22,5,0,0,3.5
597_73,1,0,1,0,1,0,1,0,1,0,0,0,0,1,1,Central,Wholesaler,Bulk Purchase,11927,49,1166,-5.28,7,1,0,3.5
166_27,1,1,1,1,1,1,1,0,1,1,1,0,1,1,0,East,Wholesaler,Bulk Purchase,17027,88,1342,17.34,0,0,1,4.5
919_93,0,0,0,0,0,0,0,1,0,0,0,1,0,1,1,North,Retailer,Loyalty,20265,48,4552,5.48,9,0,0,5.0
496_48,1,1,0,1,0,1,0,1,1,0,0,0,1,0,1,North,Retailer,Bulk Purchase,21616,75,2266,12.32,10,1,0,1.3
825_34,1,1,1,1,1,1,0,1,1,0,0,1,1,1,1,East,Wholesaler,Loyalty,16275,15,2800,26.45,8,1,0,1.9
066_10,1,1,1,0,1,0,1,0,1,0,1,1,0,1,0,South,Wholesaler,Discount,17228,48,4416,27.74,4,1,0,1.1
142_49,0,0,0,1,0,0,1,0,0,1,1,1,0,0,1,Central,Wholesaler,Loyalty,29009,67,1334,3.98,5,1,0,3.6
926_84,1,0,0,0,0,1,1,0,0,1,0,0,0,1,0,South,Retailer,Discount,23807,75,2846,22.54,6,1,0,3.1
828_67,0,0,0,0,0,0,0,1,1,0,0,0,1,0,0,North,Wholesaler,Bulk Purchase,28175,13,4857,-3.03,5,0,1,3.6
656_70,0,1,0,1,1,1,0,0,1,1,1,0,1,0,1,Central,Retailer,Loyalty,27299,68,1005,29.45,5,0,0,2.5
332_92,1,1,1,1,0,1,0,1,1,1,1,1,0,0,1,West,Wholesaler,Bulk Purchase,19373,32,1148,16.28,1,1,0,3.8
665_19,1,1,0,1,1,0,0,1,0,0,1,0,1,1,1,South,Wholesaler,Discount,15147,21,1590,27.74,3,0,0,4.1
250_97,1,0,1,1,1,0,0,1,1,0,0,1,1,0,1,West,Retailer,Discount,27013,79,2836,25.09,6,1,1,2.1
908_97,1,0,0,0,1,0,1,0,0,1,0,0,0,0,1,West,Retailer,Bulk Purchase,27009,64,2107,-7.47,1,0,0,4.6
709_11,1,1,1,0,1,0,1,0,0,0,0,0,0,1,0,West,Wholesaler,Bulk Purchase,18586,7,4573,-6.81,4,1,1,4.1
306_34,1,0,0,1,1,1,1,0,1,0,0,0,0,0,0,North,Retailer,Loyalty,10090,64,2452,-0.3,1,0,1,1.0
735_34,0,0,1,0,1,0,0,0,0,1,0,0,1,0,0,Central,Retailer,Bulk Purchase,13605,69,4326,14.05,5,1,1,2.0
976_80,0,0,1,0,1,1,0,0,0,0,1,0,1,0,0,East,Wholesaler,Bulk Purchase,15637,80,3600,17.07,5,0,1,1.6
050_95,0,1,0,0,1,0,1,1,0,1,0,1,0,0,0,Central,Retailer,Loyalty,28481,74,3635,11.47,6,0,0,1.2
897_33,1,1,1,0,1,0,0,1,1,0,0,1,1,0,1,Central,Wholesaler,Bulk Purchase,13139,53,3886,7.71,10,1,0,2.2
003_8,0,0,1,1,0,1,1,0,0,1,1,0,0,1,1,East,Wholesaler,Loyalty,13626,30,1602,14.18,8,1,0,1.1
545_73,0,0,1,1,1,0,0,0,1,0,0,0,1,1,0,East,Wholesaler,Bulk Purchase,16099,50,3619,8.98,7,1,1,2.2
351_66,1,0,0,1,0,1,0,1,0,1,1,0,0,1,0,East,Retailer,Loyalty,10123,76,3811,26.19,7,0,1,4.0
905_55,0,1,0,1,1,0,0,0,0,1,0,1,1,0,0,South,Wholesaler,Loyalty,28298,35,1745,4.36,7,0,1,2.8
537_61,1,0,1,0,1,1,0,0,0,0,0,1,1,1,1,Central,Retailer,Loyalty,26966,52,4866,29.05,3,1,1,4.1
345_93,1,0,0,1,1,1,0,0,0,1,0,0,0,0,1,East,Retailer,Bulk Purchase,26774,99,3461,25.98,5,0,1,1.2
995_52,1,1,0,0,0,0,1,0,1,1,1,1,0,0,0,North,Wholesaler,Loyalty,10441,36,4532,-8.37,4,0,1,3.8
482_74,1,1,1,1,1,0,0,0,1,0,1,1,1,0,0,East,Retailer,Loyalty,17181,24,2707,-9.48,7,1,1,2.4
576_30,0,0,1,1,1,1,1,0,1,1,0,0,1,1,1,Central,Retailer,Discount,12740,35,1466,13.5,7,0,1,2.3
034_36,0,0,0,1,0,1,0,1,0,0,1,1,1,1,0,East,Retailer,Discount,22006,10,1446,-3.01,8,0,0,2.4
032_35,1,1,0,0,1,1,0,0,1,0,1,1,0,1,0,Central,Retailer,Discount,17396,7,1721,26.39,9,1,0,1.4
232_33,1,0,0,1,0,0,0,0,0,0,0,1,0,1,0,South,Wholesaler,Bulk Purchase,12179,43,1236,-9.21,5,0,0,3.4
964_59,1,1,0,0,0,0,0,1,1,0,0,0,0,0,0,West,Wholesaler,Discount,25982,57,1022,-6.63,9,1,0,2.3
193_87,1,0,0,1,0,1,0,1,1,1,1,0,1,0,1,North,Retailer,Bulk Purchase,15480,30,3537,-8.54,7,0,1,2.2
334_82,1,1,0,0,0,0,1,0,1,0,1,1,0,1,0,East,Retailer,Discount,17845,50,3740,11.91,9,0,1,1.1
004_51,1,1,0,1,0,0,0,1,1,0,1,1,0,0,0,West,Wholesaler,Loyalty,10449,12,3737,26.02,8,1,1,2.6
205_11,1,1,0,0,1,0,0,1,0,0,1,1,1,0,1,North,Retailer,Bulk Purchase,21223,94,2966,27.67,6,1,1,2.1
515_65,1,1,0,0,0,0,0,1,1,0,1,0,0,0,0,Central,Retailer,Bulk Purchase,20941,97,2318,-4.49,0,0,0,3.3
800_42,1,1,1,0,0,1,1,1,1,1,1,1,1,0,0,North,Retailer,Discount,22891,55,1805,17.3,1,0,0,4.7
307_16,1,0,1,0,1,1,1,0,1,0,1,0,1,0,0,Central,Wholesaler,Discount,22163,9,4076,6.51,6,0,0,5.0
110_2,0,0,1,0,1,1,1,0,1,0,0,1,1,0,1,North,Retailer,Discount,11156,18,1327,14.27,5,0,0,2.1
431_28,1,0,1,0,0,0,1,0,0,0,1,0,1,0,1,Central,Retailer,Discount,24045,76,3206,29.98,3,1,1,2.6
078_68,1,1,1,0,0,1,1,0,0,1,1,0,1,1,1,West,Retailer,Bulk Purchase,17825,44,1270,6.13,8,1,0,4.9
085_93,1,1,0,0,0,0,1,0,0,1,1,1,0,0,0,South,Retailer,Discount,11909,97,4728,5.52,6,0,0,3.4
287_25,1,0,0,1,1,0,0,0,1,1,0,1,1,0,0,Central,Retailer,Loyalty,25508,25,4706,23.1,9,0,1,1.9
083_92,1,1,1,1,1,0,0,1,1,1,1,0,0,1,0,West,Wholesaler,Loyalty,17261,30,4207,-0.76,6,1,1,4.1
992_97,1,0,1,1,0,0,0,0,1,0,0,0,0,1,1,East,Wholesaler,Bulk Purchase,13868,1,1528,7.06,2,1,0,3.9
790_6,1,1,0,0,1,1,0,1,0,1,0,0,0,1,1,Central,Retailer,Loyalty,28800,36,1624,-8.58,0,1,1,2.2
895_92,0,1,0,1,1,0,1,0,1,1,1,1,1,1,1,East,Retailer,Bulk Purchase,13343,5,1803,-0.44,3,1,1,1.3
399_25,0,1,0,1,1,0,0,0,0,0,1,0,1,1,0,South,Wholesaler,Loyalty,10639,24,4363,-8.32,9,0,0,2.2
324_3,0,1,1,1,0,0,0,0,1,0,1,1,0,1,0,East,Wholesaler,Bulk Purchase,17831,37,2756,10.06,8,1,0,3.3
520_98,0,0,1,0,0,1,1,1,1,1,1,1,1,0,0,Central,Wholesaler,Discount,26818,12,3680,26.86,8,0,0,1.1
917_2,0,0,0,1,1,1,0,1,1,1,1,1,1,0,1,North,Retailer,Bulk Purchase,23607,96,2685,12.08,4,1,0,3.1
923_60,1,1,1,1,1,1,0,1,0,1,1,0,0,1,0,West,Retailer,Bulk Purchase,16075,99,2435,24.46,5,1,1,4.5
006_19,1,0,0,0,1,1,0,0,1,1,0,1,0,1,0,East,Retailer,Loyalty,25970,51,2236,-1.26,0,0,0,1.8
732_94,0,1,1,0,0,0,1,1,0,1,1,0,1,1,0,South,Retailer,Bulk Purchase,11363,84,4101,15.0,2,1,0,4.3
466_35,0,0,0,1,0,1,1,0,0,1,0,0,1,0,0,North,Wholesaler,Loyalty,10529,31,1235,-4.85,5,0,0,2.5
098_52,1,1,0,0,1,0,1,1,1,0,1,1,1,1,0,South,Wholesaler,Discount,17336,65,4132,12.45,2,1,0,2.2
267_34,0,0,1,0,1,0,0,0,0,1,1,0,1,1,1,Central,Wholesaler,Bulk Purchase,16782,42,4024,-9.3,9,0,0,4.8
358_34,1,1,1,1,1,0,0,0,0,1,1,0,1,0,1,West,Retailer,Bulk Purchase,19041,9,4955,-3.54,10,0,0,3.0
869_28,1,1,1,1,0,1,0,0,1,0,1,1,0,1,1,East,Retailer,Bulk Purchase,17380,34,2947,8.3,6,1,0,1.3
799_98,1,0,0,0,1,1,1,0,1,1,1,1,0,0,1,North,Wholesaler,Bulk Purchase,18977,73,3070,1.01,5,0,1,2.4
381_23,0,1,1,0,1,1,0,1,1,1,0,0,1,1,0,Central,Retailer,Discount,26923,2,2517,8.14,7,1,1,1.9
632_1,0,1,1,0,1,1,1,0,1,1,1,1,0,0,0,Central,Wholesaler,Discount,11939,54,4978,3.42,9,1,0,3.2
382_97,0,0,1,0,0,1,0,0,0,0,0,0,1,1,1,East,Wholesaler,Discount,10154,6,1909,0.02,2,1,1,2.6
491_23,1,1,1,0,1,1,1,0,1,0,0,1,0,1,0,North,Retailer,Bulk Purchase,16248,94,3126,-2.11,8,0,0,1.8
119_44,1,1,1,1,1,0,1,0,1,0,1,1,0,1,1,North,Wholesaler,Discount,10427,84,2185,11.87,8,1,0,4.2
901_48,1,0,1,1,0,0,1,1,1,0,1,1,1,0,0,West,Retailer,Loyalty,14740,59,2663,21.09,3,0,1,1.4
251_32,0,0,0,1,0,1,0,1,1,0,1,0,0,0,1,East,Wholesaler,Bulk Purchase,18963,89,3064,-8.35,9,0,0,1.6
524_53,0,1,0,0,0,1,0,1,0,1,0,0,0,1,1,East,Wholesaler,Discount,17329,16,1870,3.39,7,1,1,4.0
010_11,1,1,1,1,0,0,1,0,1,0,1,1,1,1,0,West,Wholesaler,Bulk Purchase,27275,53,1344,19.22,3,0,0,3.1
197_9,1,0,0,0,1,0,0,0,1,0,0,0,0,1,0,South,Wholesaler,Bulk Purchase,16639,97,2931,17.22,10,0,1,1.5
604_66,0,1,0,0,1,0,0,0,1,0,0,0,0,1,0,West,Wholesaler,Discount,19323,89,1777,-2.97,9,1,1,3.8
082_14,0,1,0,1,1,1,0,1,1,0,1,0,1,0,1,West,Retailer,Loyalty,18147,19,3547,-1.12,4,0,0,1.9
784_16,0,0,0,0,0,1,1,1,1,1,1,0,1,1,1,South,Wholesaler,Discount,18407,100,2691,23.75,6,1,0,3.4
588_12,0,0,1,1,0,1,1,0,0,1,1,0,0,0,1,West,Wholesaler,Bulk Purchase,28814,59,2330,10.81,5,1,1,4.7
798_18,1,1,1,0,1,0,1,0,0,1,1,0,0,0,1,North,Wholesaler,Loyalty,21254,22,1199,-2.96,0,1,0,1.0
240_83,0,1,1,0,0,1,0,0,1,1,1,0,1,0,1,East,Wholesaler,Bulk Purchase,24769,80,4537,-6.6,10,0,1,3.7
291_31,1,1,0,0,0,1,0,0,0,0,0,0,0,0,0,West,Wholesaler,Discount,17513,9,3327,-7.72,9,0,1,3.4
212_99,1,1,1,0,0,0,1,0,1,0,0,1,1,1,0,North,Wholesaler,Bulk Purchase,11636,1,3930,-2.42,10,0,0,1.7
718_86,0,0,0,0,1,1,0,1,1,0,0,1,0,1,1,East,Retailer,Discount,21245,82,1437,12.96,7,1,1,2.7
360_62,1,1,0,0,0,1,1,1,1,0,0,0,1,0,1,North,Wholesaler,Discount,19466,97,3699,20.83,1,0,0,2.5
450_42,1,0,0,0,1,0,0,0,0,0,1,1,1,0,1,South,Retailer,Discount,10613,35,1961,16.06,9,1,0,2.5
228_78,0,1,1,0,1,1,0,0,1,1,0,1,0,0,1,South,Retailer,Loyalty,18610,27,4550,17.6,7,1,0,3.5
951_5,1,0,0,1,0,1,0,0,0,0,1,0,1,0,0,Central,Retailer,Loyalty,15141,33,4361,0.22,0,1,1,2.4
947_74,0,0,1,1,1,0,1,1,0,1,0,0,1,1,1,North,Wholesaler,Discount,11121,53,1880,-8.66,3,0,0,2.7
797_81,1,0,0,0,0,0,0,0,1,0,0,1,1,1,1,North,Retailer,Discount,21355,2,3723,26.37,7,1,0,1.8
502_22,0,0,1,1,1,0,0,0,0,0,1,1,0,1,1,South,Wholesaler,Bulk Purchase,15132,42,1711,4.12,3,0,0,2.9
465_52,0,0,0,1,0,1,0,1,1,0,0,1,1,0,1,West,Retailer,Discount,14790,21,4715,-0.37,4,0,1,1.5
363_94,1,1,0,1,0,0,1,1,1,0,0,1,0,1,1,South,Wholesaler,Bulk Purchase,24104,27,4250,5.14,4,0,0,2.3
469_23,1,1,0,0,1,1,0,1,1,1,0,1,1,0,1,South,Retailer,Bulk Purchase,21566,75,3100,-5.48,1,0,0,1.8
936_55,0,0,1,1,1,0,0,1,0,1,0,1,1,0,0,South,Retailer,Loyalty,12590,100,1107,19.26,0,0,1,3.5
429_59,0,1,0,1,0,1,0,1,0,1,1,0,0,0,0,South,Retailer,Loyalty,20784,39,1819,-8.19,10,0,0,3.8
008_97,1,1,1,1,1,0,1,1,1,1,0,1,1,1,1,East,Retailer,Discount,22878,70,4124,17.18,2,0,1,2.6
156_6,0,0,0,1,1,1,1,0,0,1,0,1,0,1,0,East,Retailer,Loyalty,10668,60,4424,0.38,5,0,0,2.5
542_9,1,1,1,0,0,0,0,0,0,0,1,1,0,1,1,North,Retailer,Loyalty,15842,43,1239,-1.72,8,1,0,4.7
441_84,1,0,0,0,1,0,1,1,0,1,1,0,0,1,1,North,Wholesaler,Bulk Purchase,21689,63,4818,-9.89,0,1,0,4.7
483_78,0,0,0,0,0,0,1,1,1,0,0,0,0,1,0,South,Wholesaler,Discount,14746,28,4395,14.56,5,1,0,3.0
423_19,1,1,1,0,1,1,1,1,0,1,0,1,0,1,0,West,Retailer,Bulk Purchase,22410,76,3429,1.96,10,1,1,4.6
779_50,0,1,0,1,0,0,0,1,1,1,1,0,0,0,1,East,Retailer,Bulk Purchase,27314,49,2789,-0.9,8,0,1,4.6
950_17,0,0,1,1,0,1,0,0,0,0,0,1,0,1,1,West,Retailer,Loyalty,18546,63,2016,-4.01,10,1,1,2.6
335_57,0,1,0,0,0,1,1,1,1,1,0,0,0,0,1,Central,Retailer,Discount,27153,31,4657,2.43,4,0,1,1.6
577_41,1,0,1,0,1,1,1,1,0,0,1,1,1,1,0,East,Retailer,Bulk Purchase,16681,46,1855,22.25,2,1,0,1.9
935_43,1,0,0,1,0,1,0,1,0,0,0,0,1,1,0,South,Retailer,Discount,12577,27,2172,-6.0,2,0,0,2.8
568_79,1,0,1,1,0,1,1,0,1,1,0,0,0,1,1,Central,Wholesaler,Loyalty,11875,59,2935,5.96,0,1,1,2.4
595_83,0,0,1,0,0,0,1,0,1,0,0,0,1,1,0,North,Wholesaler,Bulk Purchase,10644,81,2909,-0.18,10,1,1,2.3
531_70,0,0,0,0,1,0,1,0,1,0,0,0,1,1,1,East,Wholesaler,Loyalty,13654,45,1433,-4.27,1,1,1,4.4
582_6,1,0,1,1,0,1,1,0,1,1,1,0,1,0,1,West,Retailer,Loyalty,26309,88,1813,24.14,6,0,1,3.8
708_68,1,0,0,0,1,1,0,1,1,0,1,0,1,1,1,Central,Retailer,Discount,17649,39,4118,13.54,3,1,0,3.9
449_3,1,1,0,1,1,1,1,1,0,1,1,0,1,0,1,West,Retailer,Loyalty,29886,9,2155,16.87,3,0,1,1.3
454_13,0,0,1,1,0,0,1,1,0,1,1,0,1,0,0,East,Retailer,Bulk Purchase,28260,24,2283,2.6,1,0,1,2.4
229_68,1,0,1,1,0,1,1,1,0,0,1,0,0,1,0,West,Wholesaler,Bulk Purchase,23928,54,3266,28.92,10,1,0,2.9
353_31,0,0,1,1,0,0,1,0,0,0,0,1,0,0,0,Central,Wholesaler,Discount,24168,8,4116,28.0,9,1,0,3.9
729_57,1,1,0,0,0,0,1,0,1,1,0,1,1,1,0,Central,Retailer,Loyalty,15211,66,4883,25.73,2,0,1,3.5
213_50,0,0,0,0,0,1,1,0,0,0,0,0,0,1,1,West,Retailer,Loyalty,23296,27,1626,27.66,10,0,1,1.1
080_35,0,0,1,1,0,0,1,0,1,0,1,1,1,1,1,North,Wholesaler,Bulk Purchase,26658,58,3541,-9.29,3,0,1,2.1
149_36,0,0,0,0,0,0,1,0,1,1,0,1,0,1,1,North,Retailer,Bulk Purchase,16638,54,3035,2.23,8,1,0,2.1
303_14,1,1,0,1,1,1,1,1,1,0,1,1,1,1,0,North,Retailer,Bulk Purchase,18245,76,2555,25.02,10,0,1,1.2
629_89,0,0,0,0,1,0,1,0,0,1,1,1,1,1,1,West,Retailer,Discount,22611,12,4089,-8.2,8,1,1,2.4
778_59,1,0,1,1,1,1,0,1,0,0,1,0,0,1,0,Central,Retailer,Loyalty,16506,62,1466,19.11,7,0,1,4.6
507_84,0,0,1,1,1,1,0,1,0,0,1,1,0,0,1,South,Wholesaler,Loyalty,27777,42,2244,-5.27,0,0,1,1.8
343_38,1,1,0,0,1,0,1,1,1,1,0,1,1,1,1,South,Wholesaler,Discount,20140,90,4860,4.0,1,0,0,2.1
486_99,0,1,1,1,0,0,0,0,1,1,0,0,0,0,1,South,Retailer,Bulk Purchase,18045,100,3789,5.93,9,1,0,4.6
712_74,0,1,0,1,0,1,0,1,0,1,0,0,0,0,1,North,Retailer,Bulk Purchase,19049,23,3057,-3.21,6,0,0,3.6
134_10,0,1,0,1,0,0,1,1,1,0,0,0,1,1,0,North,Wholesaler,Loyalty,15385,92,1961,-3.39,8,0,0,1.2
704_86,1,1,0,0,1,0,1,1,1,0,0,1,1,1,0,South,Retailer,Bulk Purchase,14949,68,2136,11.46,6,1,1,1.4
312_7,0,0,0,0,0,1,1,0,1,1,1,0,0,1,1,North,Wholesaler,Loyalty,14849,83,1982,16.25,7,1,0,3.5
723_46,0,0,0,0,0,0,1,0,0,1,0,0,1,1,0,Central,Wholesaler,Discount,26978,2,1052,0.91,8,1,0,2.9
630_36,1,1,1,0,1,1,1,1,1,1,0,1,1,1,0,South,Retailer,Bulk Purchase,20968,61,1085,-1.32,2,0,0,2.9
001_33,1,0,0,1,0,1,1,1,0,0,1,1,0,0,0,North,Wholesaler,Loyalty,29477,80,2106,11.05,0,0,0,2.1
317_60,1,0,1,0,1,1,1,1,1,0,0,0,0,1,1,Central,Wholesaler,Bulk Purchase,28192,91,2811,21.3,3,0,0,3.7
707_75,1,1,0,0,1,1,0,0,0,0,1,1,1,0,1,West,Retailer,Bulk Purchase,16067,94,4802,21.5,1,1,0,4.2
548_65,0,0,0,1,1,1,0,0,0,0,0,0,0,1,0,West,Wholesaler,Bulk Purchase,15667,44,1737,9.26,1,0,0,1.2
873_17,1,0,0,0,0,1,0,0,1,0,0,1,1,1,0,Central,Wholesaler,Bulk Purchase,21863,54,1515,1.12,2,0,1,4.6
533_72,1,1,0,0,1,0,1,0,1,1,1,0,0,0,1,North,Retailer,Loyalty,25872,95,1584,-7.03,2,1,0,1.1
478_32,1,0,0,0,1,0,1,0,1,1,1,0,0,1,0,West,Retailer,Loyalty,11665,9,3359,-2.45,4,0,1,3.1
405_13,1,0,0,1,1,1,1,0,0,1,0,1,1,0,0,North,Wholesaler,Discount,20758,16,3987,1.25,1,1,0,2.2
173_79,0,0,0,0,0,0,1,0,1,1,1,0,1,0,0,North,Wholesaler,Loyalty,11951,4,1073,6.26,10,0,0,2.7
126_19,1,0,0,1,1,0,0,1,0,1,1,0,1,1,0,South,Retailer,Loyalty,11494,96,4388,-2.72,0,1,1,1.7
395_72,1,0,0,1,0,0,1,0,1,1,1,0,0,1,1,North,Retailer,Loyalty,21659,53,4568,2.51,2,1,0,3.4
421_4,0,1,0,1,0,1,1,1,0,1,1,1,0,1,0,South,Retailer,Loyalty,21719,27,1152,15.28,8,1,1,3.7
553_1,0,1,0,1,1,1,0,0,1,0,1,1,1,0,1,South,Wholesaler,Loyalty,10378,71,2981,27.82,9,0,1,4.8
904_44,1,0,1,1,1,1,1,0,0,0,1,1,0,1,0,North,Wholesaler,Bulk Purchase,28858,15,3704,26.24,7,1,1,4.6
091_93,0,0,0,1,1,1,0,0,1,0,0,0,0,1,0,West,Retailer,Bulk Purchase,17571,51,1975,13.72,4,1,1,5.0
940_96,0,1,0,0,0,0,1,1,0,0,1,1,1,1,0,South,Wholesaler,Bulk Purchase,26651,18,4362,-6.15,9,0,1,3.2
182_6,0,0,1,0,0,0,1,1,0,1,0,1,0,1,1,East,Retailer,Discount,23075,75,3208,23.95,10,1,0,1.1
275_96,1,1,1,0,1,0,0,0,0,1,1,0,1,0,0,South,Retailer,Discount,17259,100,1773,-7.99,4,0,1,3.7
896_3,1,0,0,1,1,0,0,0,0,1,1,0,1,0,0,East,Wholesaler,Bulk Purchase,27217,7,1679,9.18,1,1,1,3.7
070_85,0,1,1,0,0,1,1,1,1,0,0,1,1,1,1,North,Retailer,Bulk Purchase,23767,54,1815,17.61,10,0,1,2.8
292_38,0,0,0,1,1,1,0,0,1,0,1,1,0,1,1,Central,Retailer,Bulk Purchase,23633,24,4840,22.18,8,1,0,2.9
132_39,1,1,0,0,1,0,1,1,1,1,0,1,0,0,1,South,Wholesaler,Discount,26483,94,3780,-0.31,5,1,0,1.1
301_34,1,1,1,0,1,1,1,0,0,0,0,1,0,1,1,Central,Retailer,Discount,16707,35,2412,13.16,4,1,1,2.7
425_2,1,0,0,1,0,0,0,1,1,1,0,1,1,0,1,Central,Wholesaler,Loyalty,20748,26,2938,-6.36,1,1,0,3.0
327_77,1,1,0,1,1,0,0,0,0,0,1,1,0,1,1,East,Retailer,Bulk Purchase,10107,82,4663,13.19,3,1,0,1.1
145_62,0,0,1,1,0,0,1,0,0,0,0,1,0,1,0,West,Wholesaler,Loyalty,17008,30,1246,21.39,7,1,1,4.5
424_64,1,0,0,0,1,0,0,0,1,1,0,1,1,0,1,West,Retailer,Bulk Purchase,18825,52,3975,-5.68,2,1,1,1.1
581_18,0,1,0,0,0,1,1,1,0,1,0,0,0,1,1,North,Wholesaler,Bulk Purchase,10869,21,2700,14.08,3,1,0,2.8
136_20,1,0,0,1,1,0,0,0,1,1,1,1,1,1,1,West,Retailer,Discount,26976,80,2881,14.27,5,0,0,2.9
451_87,1,1,0,0,0,0,1,0,0,0,1,0,0,0,1,South,Wholesaler,Loyalty,28766,27,3934,27.48,3,1,1,3.9
165_89,1,1,0,0,0,0,1,0,0,0,0,0,1,1,1,South,Retailer,Loyalty,23765,47,4431,-5.31,1,1,0,1.6
029_72,1,1,0,0,1,1,0,0,1,1,0,1,1,1,0,North,Wholesaler,Discount,15683,30,2840,-8.34,3,1,1,3.8
774_70,1,0,1,0,1,1,0,0,1,0,0,0,1,0,0,West,Retailer,Loyalty,21048,97,3106,24.92,0,1,0,2.6
194_5,0,1,0,1,1,0,1,1,0,0,1,0,1,0,1,West,Retailer,Loyalty,10564,62,2823,16.07,9,0,1,3.7
389_51,1,0,0,1,1,1,1,1,0,1,0,1,1,1,0,South,Retailer,Discount,19916,21,3278,5.43,4,0,0,2.7
853_1,1,0,0,1,1,0,0,1,0,1,0,0,0,0,0,West,Wholesaler,Loyalty,18524,86,3577,8.41,4,1,0,4.3
170_27,1,0,0,0,0,0,0,1,1,0,1,1,0,0,1,Central,Wholesaler,Discount,20676,99,3976,-6.29,8,0,1,3.9
706_83,1,1,1,1,1,0,1,1,0,1,0,0,1,1,1,North,Retailer,Loyalty,29913,84,4676,26.62,9,1,0,4.9
141_85,0,0,1,1,0,1,1,0,1,1,1,1,1,0,1,Central,Wholesaler,Loyalty,13865,46,2788,20.86,9,1,1,1.8
174_47,1,0,1,0,0,1,0,1,1,1,0,1,0,0,0,East,Wholesaler,Bulk Purchase,26979,93,2176,7.08,2,1,1,4.5
007_99,1,1,1,0,1,1,0,1,1,1,0,1,0,0,0,East,Wholesaler,Bulk Purchase,17592,50,3335,-2.52,0,0,0,2.7
746_11,0,0,1,0,1,0,1,0,0,0,0,1,1,1,0,North,Wholesaler,Bulk Purchase,28525,2,3336,8.21,10,0,0,1.9
479_13,1,1,1,1,1,0,0,1,1,1,1,0,1,1,0,West,Wholesaler,Bulk Purchase,10810,71,2632,8.03,2,0,1,2.0
074_36,0,0,0,1,1,1,0,1,0,1,1,0,1,1,0,South,Wholesaler,Loyalty,16593,100,1355,12.96,1,1,1,4.3
911_61,1,0,0,1,0,0,0,0,1,1,0,1,1,1,1,Central,Retailer,Discount,25979,94,4757,1.54,7,1,0,2.9
814_10,1,1,0,0,1,1,0,0,1,0,1,1,0,1,1,South,Retailer,Discount,22907,88,1859,6.0,2,1,0,2.7
239_8,1,1,0,0,1,1,1,1,0,0,1,0,1,1,0,Central,Retailer,Loyalty,25500,40,3861,10.29,10,1,1,4.6
146_64,1,0,0,0,1,0,1,0,1,0,0,0,0,1,0,North,Retailer,Bulk Purchase,22531,48,3099,-6.41,2,0,0,1.5
793_75,0,1,1,1,0,1,0,0,1,1,0,1,0,1,0,Central,Retailer,Discount,16413,97,3499,20.99,10,1,1,4.5
235_75,1,0,1,1,0,0,1,0,1,0,0,1,1,0,0,South,Retailer,Discount,24263,17,2364,-5.3,5,1,1,4.8
221_49,0,1,0,0,1,1,1,1,1,1,1,0,0,0,0,West,Wholesaler,Discount,24132,43,4544,3.2,1,0,0,5.0
924_72,0,0,1,0,1,1,1,1,0,0,0,0,0,0,1,Central,Wholesaler,Bulk Purchase,18462,63,3495,2.91,5,1,1,3.1
501_46,0,1,1,0,1,0,1,1,1,0,0,1,1,0,0,West,Wholesaler,Loyalty,28463,75,3474,27.8,9,1,1,4.1
133_50,0,1,0,1,0,1,0,0,0,1,0,0,1,0,1,Central,Wholesaler,Bulk Purchase,26536,17,2028,4.91,0,1,0,1.0
991_1,0,0,1,0,0,0,0,1,1,1,0,0,1,1,0,West,Retailer,Bulk Purchase,14126,15,4004,-9.52,5,0,1,3.0
775_92,1,1,1,0,1,1,0,0,1,1,0,1,1,0,0,West,Retailer,Bulk Purchase,13953,61,1488,-1.73,4,0,1,3.9
186_69,0,0,0,1,1,0,1,0,0,0,0,1,0,1,1,East,Retailer,Discount,11194,69,2811,4.94,1,0,1,3.3
042_16,0,1,1,1,0,1,1,1,1,0,1,0,0,0,1,Central,Retailer,Bulk Purchase,16691,72,1419,21.0,3,1,1,4.8
697_60,1,1,1,0,1,1,1,1,0,0,1,1,1,0,0,East,Retailer,Loyalty,28370,100,2542,18.97,8,1,0,1.2
109_61,1,1,0,0,0,0,1,0,1,0,1,0,0,1,0,South,Retailer,Loyalty,12282,33,1470,-5.97,0,0,0,4.1
589_82,1,0,0,0,0,1,1,1,1,0,1,1,0,1,0,South,Wholesaler,Bulk Purchase,15430,79,3082,-0.22,7,1,1,1.1
057_9,0,0,0,0,1,1,0,0,0,1,1,1,0,0,1,North,Wholesaler,Loyalty,12634,86,3107,-3.43,2,0,0,3.7
406_85,1,1,0,1,1,0,0,0,0,1,0,1,0,1,1,North,Wholesaler,Bulk Purchase,21572,26,3394,-8.13,9,1,0,4.1
443_10,1,0,0,0,0,0,0,1,0,0,0,0,1,0,0,Central,Retailer,Loyalty,10766,46,2276,-3.07,4,1,1,3.7
758_10,0,0,0,1,1,1,0,0,1,0,0,1,1,0,1,East,Retailer,Loyalty,22900,8,4934,1.8,0,0,1,2.6
998_91,0,1,1,0,1,0,1,1,0,1,0,0,0,0,0,West,Wholesaler,Discount,10970,1,4765,4.21,8,0,0,4.4
025_96,0,1,0,1,0,0,0,1,1,1,1,1,1,1,0,South,Retailer,Bulk Purchase,23819,73,1233,2.63,2,1,1,4.8
468_54,1,0,1,1,1,1,1,1,1,0,1,0,1,1,0,Central,Wholesaler,Loyalty,26343,79,2032,3.36,4,0,0,4.5
540_58,0,1,1,1,1,1,1,1,1,0,1,1,1,0,0,West,Retailer,Loyalty,21566,10,4791,0.66,10,1,1,1.3
532_87,0,1,1,1,1,1,0,1,1,0,1,1,0,1,0,Central,Retailer,Discount,15381,41,1289,26.09,6,1,1,3.8
619_7,0,0,0,1,0,0,0,0,1,0,1,0,1,0,0,Central,Retailer,Loyalty,18085,73,1164,29.91,5,1,0,2.1
695_19,0,1,1,1,0,0,0,1,1,1,0,0,0,0,0,South,Retailer,Loyalty,15641,99,4898,7.91,8,1,1,2.8
927_57,0,1,0,1,1,0,0,1,1,1,1,1,0,1,1,West,Retailer,Loyalty,20969,15,3984,17.77,2,1,0,2.4
339_47,1,1,1,1,1,1,0,0,1,1,1,1,0,1,1,North,Wholesaler,Loyalty,25180,94,3074,23.41,10,1,1,2.9
052_42,1,1,1,0,0,0,0,1,1,0,1,1,0,0,0,East,Retailer,Discount,16899,30,1872,2.11,4,0,1,4.3
508_12,1,0,0,0,0,0,1,1,1,1,1,1,1,0,0,Central,Retailer,Loyalty,28934,21,4485,9.21,8,0,0,3.8
517_2,0,1,1,0,1,0,1,1,1,1,1,1,1,0,1,Central,Wholesaler,Loyalty,23915,24,2423,28.48,3,1,1,4.8
921_81,1,1,0,0,1,0,0,1,1,1,1,1,1,0,1,Central,Retailer,Bulk Purchase,29747,90,2178,28.9,3,0,1,4.8
782_63,0,0,0,1,0,0,0,1,0,1,1,1,1,0,0,Central,Retailer,Discount,24579,79,2409,19.36,10,0,1,4.6
265_56,0,0,0,1,0,1,1,1,0,0,0,1,1,1,1,Central,Retailer,Loyalty,28611,54,1296,-0.63,1,1,0,3.6
818_30,1,1,1,0,0,1,0,1,0,0,1,0,0,1,0,North,Retailer,Discount,20163,27,1786,8.67,7,1,1,1.5
711_43,1,0,0,1,0,0,0,1,1,1,0,1,1,1,1,East,Retailer,Loyalty,19888,93,4893,-7.56,8,1,1,4.0
683_46,0,1,0,1,0,1,0,0,1,1,1,1,1,1,0,West,Retailer,Bulk Purchase,23524,59,4553,-4.28,0,1,0,2.8
833_7,0,0,0,0,0,0,0,1,0,0,1,1,1,1,0,Central,Wholesaler,Discount,13606,38,2917,-7.76,9,1,1,4.8
519_72,1,0,1,1,0,0,0,0,0,0,0,1,1,0,0,South,Wholesaler,Discount,22208,15,2944,-2.42,1,0,0,2.3
448_29,1,1,0,0,1,1,1,0,1,1,0,0,1,0,1,West,Retailer,Loyalty,25681,96,3236,3.81,4,1,1,2.4
019_64,1,0,0,0,1,0,0,0,0,0,1,1,1,1,0,Central,Retailer,Discount,10990,47,4949,7.64,8,0,1,1.9
716_2,0,1,1,1,1,0,0,0,1,0,1,1,0,1,1,North,Wholesaler,Discount,24977,100,4720,-4.13,3,1,0,4.4
484_18,1,1,0,1,0,1,1,0,1,0,0,0,0,0,0,West,Retailer,Bulk Purchase,25903,24,2292,6.38,5,0,0,2.4
569_24,1,0,0,1,1,0,1,0,1,1,1,1,0,0,0,West,Retailer,Bulk Purchase,18324,8,2264,1.02,9,1,1,4.4
434_32,0,1,1,0,1,1,0,0,1,0,0,1,1,1,1,Central,Wholesaler,Discount,17943,71,4975,-4.44,2,0,0,2.7
368_11,0,1,1,0,0,0,0,0,0,1,0,0,1,0,0,South,Retailer,Discount,13033,11,1719,15.28,3,0,1,2.6
084_18,1,0,1,1,0,0,1,1,0,0,1,1,1,0,0,Central,Wholesaler,Loyalty,22104,93,2811,18.23,7,0,0,2.7
062_2,0,0,1,1,1,1,0,1,1,0,0,1,1,0,1,West,Retailer,Discount,16557,52,4119,29.42,7,1,1,4.0
639_11,1,1,0,1,1,0,1,0,0,0,1,1,1,1,0,South,Wholesaler,Loyalty,25725,27,1621,6.65,5,1,0,5.0
273_15,0,1,1,1,0,1,0,0,0,1,0,0,1,1,0,West,Wholesaler,Bulk Purchase,13185,45,3005,24.21,2,1,0,4.1
286_22,1,0,0,1,0,0,1,0,0,0,0,0,0,0,0,Central,Wholesaler,Discount,29634,15,3184,28.65,10,1,1,3.5
361_98,1,0,1,1,1,0,0,1,1,1,1,0,0,0,1,East,Wholesaler,Discount,28628,9,3314,5.23,1,0,1,1.7
355_42,0,0,0,0,0,0,1,0,0,1,1,0,0,1,1,West,Retailer,Discount,25663,66,4624,-0.01,6,1,0,4.9
457_1,1,1,0,0,1,0,1,1,1,0,1,1,0,0,1,South,Wholesaler,Discount,22759,81,4335,11.11,10,1,1,4.0
279_33,0,0,0,0,0,1,1,0,1,0,1,0,1,0,0,North,Retailer,Loyalty,20807,59,2351,15.61,8,0,1,1.6
013_1,1,0,0,1,0,1,1,1,0,1,0,0,0,0,0,East,Wholesaler,Bulk Purchase,10567,4,2338,4.8,10,0,1,1.6
183_93,1,1,1,0,1,1,0,0,0,1,1,1,1,1,1,South,Retailer,Loyalty,22482,59,4720,0.08,3,0,1,4.4
369_20,0,1,1,1,1,0,0,1,1,0,0,0,0,1,1,East,Wholesaler,Bulk Purchase,10615,23,1128,-8.3,10,1,0,3.4
882_52,0,1,1,0,0,1,1,1,0,1,0,0,0,0,0,East,Wholesaler,Bulk Purchase,21396,40,4531,10.45,10,1,1,1.6
616_28,0,0,0,1,1,0,0,0,0,1,1,1,1,0,0,North,Retailer,Bulk Purchase,29781,14,1559,10.41,2,1,0,4.1
224_55,1,1,1,0,0,0,0,1,0,0,0,1,0,1,1,West,Wholesaler,Loyalty,26951,3,1690,-9.72,6,1,0,1.6
573_80,1,1,0,0,0,0,1,0,0,0,1,1,0,1,0,East,Wholesaler,Bulk Purchase,22015,23,4154,-8.79,0,0,1,3.6
971_38,0,1,1,0,0,1,0,0,0,0,1,1,1,1,1,West,Wholesaler,Bulk Purchase,22562,77,4905,-3.35,4,0,0,3.4
654_77,1,1,0,1,0,0,1,1,1,0,1,0,1,0,0,West,Wholesaler,Discount,12460,27,2068,17.9,3,0,1,4.2
546_81,1,0,1,1,1,1,0,1,0,0,0,0,0,0,0,South,Retailer,Loyalty,23014,97,3646,2.84,4,0,1,4.6
583_98,0,1,0,0,0,1,1,0,1,0,0,0,0,1,1,West,Retailer,Loyalty,13732,73,1835,-2.54,10,1,0,2.5
634_71,0,0,0,0,1,0,1,0,0,1,0,0,1,0,0,North,Wholesaler,Discount,19572,49,3352,-1.48,10,0,0,3.3
177_85,1,1,1,0,1,0,1,1,1,0,0,1,0,0,0,South,Wholesaler,Discount,25354,32,4896,5.94,8,1,1,3.4
666_20,1,0,0,1,0,1,0,1,0,1,0,0,1,0,0,East,Wholesaler,Loyalty,17980,93,2881,1.02,4,0,1,2.7
674_28,0,1,0,0,0,0,0,1,0,1,0,1,1,0,0,South,Wholesaler,Discount,24812,77,4219,11.02,4,0,0,4.6
586_39,1,0,1,1,0,1,0,1,1,0,1,1,1,1,1,East,Retailer,Discount,23877,68,4955,20.49,2,1,0,1.5
874_9,0,1,1,1,1,1,0,1,0,1,0,1,0,1,0,North,Retailer,Bulk Purchase,28878,3,4341,0.7,1,1,1,4.8
394_78,0,0,1,0,1,1,0,1,0,0,0,1,1,1,1,South,Retailer,Discount,18865,32,2406,24.95,10,0,0,3.7
164_85,0,0,1,0,1,0,0,0,1,0,0,1,1,0,1,North,Wholesaler,Bulk Purchase,24509,50,1995,-6.3,8,1,1,2.7
249_35,0,0,0,1,0,0,0,0,1,1,0,0,0,1,0,West,Wholesaler,Loyalty,10500,16,1152,-1.39,0,0,1,3.9
635_18,0,0,0,1,1,1,0,1,0,0,0,1,1,1,1,Central,Retailer,Discount,12559,4,2113,-5.65,2,0,1,4.0
886_35,1,0,1,0,1,0,1,0,1,0,0,0,0,1,1,West,Retailer,Loyalty,18287,85,1909,-3.19,2,0,1,1.6
670_30,0,0,0,1,1,0,1,0,1,0,1,0,1,1,0,North,Retailer,Loyalty,16628,87,2341,2.36,1,0,1,3.3
376_73,1,1,0,0,0,0,1,1,0,0,1,0,1,1,1,South,Wholesaler,Bulk Purchase,23268,81,2464,16.45,2,1,1,1.9
413_10,0,1,0,1,1,1,0,0,0,0,0,0,1,0,0,West,Retailer,Bulk Purchase,11410,45,3750,20.22,7,1,0,3.2
075_55,1,1,1,0,0,0,1,1,0,1,0,0,1,0,1,East,Wholesaler,Bulk Purchase,24329,91,1605,26.5,0,0,1,3.2
114_26,1,0,1,0,1,0,1,0,1,0,1,0,1,1,0,West,Wholesaler,Discount,13978,96,2433,7.36,10,1,1,3.0
599_81,0,1,1,0,0,1,1,1,1,1,0,1,0,1,0,East,Wholesaler,Loyalty,19828,37,2176,9.47,2,0,0,4.3
962_24,0,0,1,1,0,1,1,1,1,0,0,1,0,0,0,West,Wholesaler,Bulk Purchase,14911,60,3279,5.67,4,0,0,4.4
391_32,1,1,0,1,1,1,1,0,1,1,0,0,0,0,0,West,Wholesaler,Discount,17796,14,2461,-2.5,2,0,1,4.1
105_9,0,1,1,1,1,0,0,1,1,1,1,0,0,1,0,West,Wholesaler,Discount,13980,81,1313,16.61,2,1,1,4.2
115_66,1,1,1,1,1,0,1,1,1,1,0,0,1,0,1,West,Wholesaler,Discount,11077,77,2187,26.26,9,1,1,3.3
418_40,1,1,1,1,1,0,1,1,1,0,1,1,1,0,1,South,Retailer,Loyalty,28041,52,1740,24.87,3,0,1,2.2
526_27,0,1,0,1,1,1,0,0,1,0,1,1,0,1,0,Central,Retailer,Discount,19846,59,1358,22.97,7,1,0,3.1
458_3,1,1,1,1,0,1,1,0,0,1,1,0,0,0,1,Central,Retailer,Bulk Purchase,22407,16,3913,25.02,5,1,1,3.1
410_87,0,0,1,0,1,0,0,1,1,0,0,1,0,1,0,West,Wholesaler,Discount,24751,12,1479,18.05,0,1,0,4.9
093_15,0,1,1,0,1,0,1,0,1,1,1,1,1,0,0,West,Retailer,Discount,21066,48,2911,-7.08,3,0,1,4.6
931_38,0,0,0,0,0,1,1,1,0,1,1,0,1,1,0,East,Wholesaler,Bulk Purchase,29542,48,2992,6.16,9,0,0,4.2
090_40,0,0,1,0,0,1,1,0,1,0,1,0,0,1,1,East,Retailer,Discount,10731,4,4045,24.4,10,0,1,1.6
337_10,0,1,1,0,1,1,1,1,0,0,0,1,0,0,0,Central,Wholesaler,Bulk Purchase,23494,30,2180,20.33,5,1,1,2.0
989_91,1,0,0,1,0,1,1,1,0,0,1,0,0,0,0,Central,Retailer,Discount,11200,42,3672,19.32,9,0,1,1.2
922_23,0,0,1,1,1,0,1,1,0,1,1,1,0,0,0,Central,Wholesaler,Loyalty,24941,36,3808,-3.18,3,0,1,4.9
934_8,0,1,1,1,1,1,1,0,0,1,1,1,1,1,0,North,Wholesaler,Bulk Purchase,28403,15,3862,13.65,10,0,1,2.3
606_89,1,0,1,1,0,0,1,0,0,1,1,1,1,0,0,North,Retailer,Bulk Purchase,25359,3,3327,2.3,0,0,1,4.6
594_98,1,1,1,0,1,1,0,0,0,1,0,1,1,1,0,West,Retailer,Discount,27383,20,1194,26.89,4,0,0,4.3
612_38,1,1,1,0,0,0,1,1,1,1,1,1,1,1,0,East,Retailer,Bulk Purchase,17693,60,2810,-1.88,5,0,1,1.7
095_3,0,1,0,1,0,1,1,0,1,0,0,1,0,1,1,West,Wholesaler,Bulk Purchase,10071,43,4116,28.26,2,0,1,2.3
012_61,0,0,1,1,0,1,1,0,0,0,0,0,1,1,1,North,Wholesaler,Loyalty,22563,41,4665,24.1,8,1,0,2.7
397_67,1,0,1,1,0,0,1,1,0,1,0,1,0,1,1,Central,Wholesaler,Loyalty,24536,51,1235,-3.58,3,1,0,4.0
534_15,0,1,1,1,1,1,1,0,1,0,1,1,0,0,1,East,Retailer,Loyalty,13672,87,2830,2.0,9,0,1,2.7
044_40,0,1,1,1,1,1,0,0,0,0,1,0,1,0,1,North,Wholesaler,Loyalty,25809,92,3104,-0.65,3,0,0,2.1
043_32,1,1,1,0,1,1,0,0,0,1,1,1,0,0,1,West,Wholesaler,Bulk Purchase,21648,28,2371,-9.91,2,1,0,1.6
330_85,1,1,0,0,0,1,1,0,1,0,0,0,0,0,1,South,Retailer,Loyalty,14631,57,4810,13.69,1,0,1,2.0
168_97,1,0,1,1,1,1,1,0,0,1,0,0,1,0,1,Central,Wholesaler,Bulk Purchase,18301,47,4997,18.2,5,0,1,3.2
498_50,0,0,1,1,0,0,1,0,0,1,0,1,1,0,0,West,Retailer,Discount,18372,39,4115,7.72,2,0,0,4.4
877_77,0,0,0,0,1,0,1,1,1,0,0,0,0,0,1,West,Retailer,Loyalty,12436,51,3518,20.68,10,0,0,3.0
598_96,0,0,1,1,1,1,1,1,1,1,0,1,0,1,0,South,Retailer,Discount,20765,94,2359,24.97,4,1,1,4.4
757_78,0,0,1,1,1,0,0,1,1,1,1,0,1,0,0,East,Retailer,Bulk Purchase,26421,76,1192,4.18,10,0,1,4.4
101_66,1,0,1,1,1,1,0,1,0,0,0,0,1,1,1,West,Wholesaler,Bulk Purchase,22388,17,4982,9.46,2,0,1,4.9
427_74,1,1,1,1,0,0,1,1,1,1,1,1,0,0,1,North,Wholesaler,Loyalty,26476,94,3871,14.02,10,0,1,1.0
179_55,0,0,1,0,1,1,0,1,1,1,0,1,1,0,1,West,Wholesaler,Loyalty,12288,41,1909,-8.36,0,1,1,1.2
445_24,1,1,0,1,1,1,0,0,1,1,0,1,0,1,0,West,Wholesaler,Loyalty,26432,85,3878,-2.55,0,0,1,4.3
417_75,0,1,1,0,1,0,1,0,1,1,0,1,1,1,0,West,Wholesaler,Discount,21130,19,1202,14.57,10,1,0,2.0
871_89,1,0,1,1,1,1,1,1,0,1,0,1,0,0,0,North,Retailer,Bulk Purchase,18590,88,2839,12.65,8,0,0,3.5
883_49,0,0,0,1,1,1,1,0,1,0,0,0,0,1,0,North,Retailer,Loyalty,22069,36,4678,-5.74,4,0,1,4.2
681_58,0,1,0,1,0,0,1,0,1,1,1,0,0,0,0,East,Retailer,Discount,18102,40,1605,-6.98,3,1,0,4.1
178_31,1,0,1,1,1,0,1,1,0,1,1,0,1,0,0,East,Wholesaler,Bulk Purchase,23295,76,2362,26.28,0,1,1,2.3
396_82,0,1,0,1,1,1,1,1,1,0,1,0,1,1,0,North,Wholesaler,Loyalty,26663,49,1746,27.21,5,1,0,4.0
912_89,0,1,0,1,1,0,1,0,1,0,0,1,0,0,1,Central,Wholesaler,Discount,24327,42,1170,22.37,7,0,0,2.6
794_70,1,0,0,0,1,0,1,1,1,1,1,0,0,0,1,Central,Retailer,Bulk Purchase,20520,43,1341,7.21,8,1,0,4.7
961_90,0,1,1,1,1,1,1,0,1,0,1,0,0,1,1,North,Wholesaler,Loyalty,15281,6,1086,-6.9,2,1,0,3.1
685_37,0,0,1,0,0,0,0,1,1,0,0,1,0,1,0,North,Retailer,Loyalty,19591,99,1663,5.1,0,1,0,2.5
384_40,1,1,0,0,0,0,1,0,0,1,0,1,0,0,0,East,Wholesaler,Discount,22690,75,4000,-4.24,4,0,0,2.0
957_88,0,1,1,1,0,0,0,0,0,0,0,1,1,1,0,South,Wholesaler,Discount,12001,74,2824,-7.82,4,0,0,3.4
752_10,1,1,1,1,1,1,1,1,0,0,0,0,0,1,0,South,Retailer,Loyalty,20372,9,2953,-0.26,0,0,0,1.1
258_69,0,0,1,0,0,0,0,1,0,0,1,0,0,0,0,East,Wholesaler,Bulk Purchase,23437,87,1642,26.63,3,0,0,3.2
539_36,0,1,0,0,0,1,1,0,1,0,0,0,1,0,1,Central,Wholesaler,Loyalty,22678,81,4208,10.42,8,0,1,1.8
336_39,0,1,0,1,1,1,0,0,0,0,1,0,1,1,1,East,Wholesaler,Discount,28582,98,3200,12.64,9,0,1,1.2
016_70,1,0,0,1,1,0,1,1,1,0,0,1,0,0,0,West,Wholesaler,Loyalty,17192,12,1849,-4.59,0,0,0,2.3
325_52,1,0,0,1,0,1,1,1,1,0,1,1,0,1,1,East,Retailer,Discount,11050,92,4850,23.26,4,0,1,2.1
759_65,0,0,0,0,1,0,1,1,0,1,1,0,0,0,0,North,Retailer,Discount,26254,63,3926,9.35,10,1,1,3.4
223_26,0,0,0,0,0,1,0,0,1,1,1,1,1,0,1,East,Retailer,Loyalty,28120,6,4424,3.55,0,0,0,1.7
180_55,0,0,1,1,1,1,1,1,0,0,1,1,1,1,0,Central,Wholesaler,Discount,21415,92,4351,23.66,0,0,1,1.9
984_91,1,1,1,1,0,0,0,0,1,0,1,1,1,1,1,North,Retailer,Bulk Purchase,25121,30,1334,29.75,8,1,1,3.9
023_44,1,0,1,1,1,0,0,1,0,0,0,0,1,1,1,South,Wholesaler,Loyalty,16052,16,1976,8.5,7,0,0,2.8
357_14,0,0,1,1,1,1,1,0,1,0,1,0,1,1,1,East,Wholesaler,Loyalty,27470,57,2648,6.61,0,1,1,3.3
667_17,0,0,1,0,0,0,0,1,0,1,0,0,0,1,1,North,Wholesaler,Bulk Purchase,16509,12,4702,9.38,6,0,0,4.7
862_13,1,0,1,1,1,0,1,0,1,1,1,0,1,1,0,North,Retailer,Loyalty,25573,36,3544,17.61,1,1,0,2.9
341_84,1,1,0,0,0,0,1,1,1,0,1,1,1,1,1,Central,Retailer,Bulk Purchase,23050,30,3588,0.95,0,0,1,1.8
432_67,1,1,1,1,0,1,1,1,1,0,1,1,0,1,1,East,Retailer,Bulk Purchase,10318,26,4819,2.72,10,0,0,3.0
552_78,0,0,1,0,1,0,1,1,1,0,1,1,1,1,0,West,Retailer,Loyalty,14906,79,3360,-2.32,1,0,1,2.8
834_52,0,0,0,1,0,0,1,1,1,0,0,0,0,1,1,East,Retailer,Bulk Purchase,19065,83,1408,6.93,6,0,0,1.3
204_38,0,1,0,0,0,1,1,1,1,1,1,1,0,0,0,East,Retailer,Discount,13527,93,1222,10.25,7,0,0,3.4
631_36,0,1,0,1,0,0,1,0,1,0,0,0,1,1,1,Central,Wholesaler,Discount,22936,7,4579,16.47,4,0,1,1.9
094_77,0,0,1,0,1,0,1,0,0,1,0,1,1,0,1,North,Wholesaler,Discount,29781,9,1612,6.53,1,0,1,3.2
559_64,0,1,0,1,1,1,0,1,1,1,1,0,1,0,0,West,Retailer,Discount,21775,80,2711,-0.52,8,1,1,4.2
069_59,1,0,0,0,1,1,0,1,1,1,0,0,0,1,0,North,Wholesaler,Discount,11670,86,2547,10.36,7,1,0,1.7
623_75,0,0,1,1,0,0,1,0,0,1,0,1,1,0,1,East,Wholesaler,Loyalty,16598,67,1830,-9.57,6,0,0,1.9
285_96,1,1,1,1,1,1,1,1,1,1,1,0,0,1,1,North,Retailer,Loyalty,10100,85,4384,-1.02,7,0,1,3.3
845_54,1,1,1,0,0,0,1,0,0,0,0,1,1,0,1,East,Wholesaler,Discount,18201,20,1507,5.5,6,1,1,1.8
435_89,0,0,0,1,1,1,1,0,0,1,0,1,0,0,0,North,Wholesaler,Loyalty,13567,38,2704,-1.68,0,0,0,4.8
154_35,1,1,1,1,1,1,1,1,1,1,0,1,1,1,0,South,Wholesaler,Bulk Purchase,24633,7,2605,2.49,7,0,0,4.0
076_73,1,0,1,1,1,0,0,0,1,0,1,1,1,1,1,North,Wholesaler,Loyalty,18651,43,2268,11.59,3,1,0,1.0
731_18,1,1,0,1,1,0,1,1,0,1,1,1,1,1,1,West,Retailer,Discount,23577,90,3419,29.08,4,1,0,2.3
447_78,1,0,1,1,1,1,1,1,1,1,0,0,1,1,1,North,Retailer,Bulk Purchase,28648,37,2720,29.57,9,0,1,1.7
189_74,0,0,1,1,0,1,0,0,1,1,1,0,1,1,1,South,Retailer,Loyalty,11501,56,1183,22.19,7,1,0,4.5
272_36,0,1,1,1,0,0,1,1,1,1,1,1,1,1,0,South,Retailer,Bulk Purchase,10503,97,4929,26.95,6,1,0,2.2
237_61,1,1,1,1,1,1,0,0,0,0,0,0,0,1,0,Central,Wholesaler,Bulk Purchase,11752,27,2960,24.76,8,0,0,2.4
488_18,0,1,1,1,1,1,0,1,1,1,1,1,0,0,1,Central,Retailer,Bulk Purchase,19515,60,4029,14.05,9,1,0,1.4
118_25,1,1,1,1,1,1,0,0,1,0,0,0,1,1,0,North,Wholesaler,Bulk Purchase,11378,97,2606,-6.75,3,1,1,3.8
944_92,1,1,1,1,1,1,1,0,0,1,1,1,0,0,1,West,Retailer,Discount,16220,86,2815,12.63,1,0,0,3.4
513_1,1,0,1,1,0,0,1,1,1,0,1,1,1,0,0,North,Retailer,Loyalty,10531,63,4610,26.13,8,1,1,2.6
826_35,0,1,1,1,0,1,0,0,1,1,1,1,0,0,0,South,Wholesaler,Discount,11253,89,1947,21.69,9,1,0,2.8
592_81,1,0,1,1,0,0,1,0,0,0,1,1,1,1,1,East,Retailer,Discount,12926,41,1169,-7.96,2,0,1,1.8
127_46,0,0,0,1,1,0,1,1,0,0,1,0,0,0,1,West,Retailer,Discount,10384,65,4452,-1.0,0,0,0,3.9
117_75,0,1,0,1,0,1,1,1,0,1,1,0,1,0,0,West,Retailer,Bulk Purchase,26860,10,4657,12.86,8,0,0,2.9
474_26,1,1,0,1,1,1,1,0,0,1,0,0,1,0,1,Central,Retailer,Bulk Purchase,11961,100,3980,14.75,0,1,1,1.7
694_8,1,0,1,0,1,1,1,0,0,0,0,0,0,1,0,East,Wholesaler,Bulk Purchase,28441,94,3120,3.63,6,1,1,2.5
058_93,1,1,1,0,0,0,0,1,0,1,0,1,0,0,0,West,Retailer,Discount,22522,16,1746,-5.03,3,0,0,1.8
864_32,1,1,0,0,0,1,1,1,1,0,1,1,0,1,0,North,Wholesaler,Discount,15815,92,3530,24.34,2,0,0,1.2
913_88,0,1,1,0,0,1,0,1,1,1,1,1,1,1,0,North,Retailer,Discount,13293,62,2513,15.3,6,1,1,4.4
370_37,1,1,0,1,1,1,0,1,1,0,1,1,1,1,0,Central,Wholesaler,Bulk Purchase,26751,59,3372,23.15,4,0,0,1.9
269_22,0,0,0,1,0,0,0,1,0,0,1,1,0,1,0,West,Retailer,Discount,21261,44,3068,9.38,10,1,0,3.5
047_59,0,0,1,1,1,1,0,1,0,1,1,0,1,0,1,North,Wholesaler,Bulk Purchase,18306,62,1618,17.91,9,0,1,2.0
350_45,0,0,0,1,1,0,0,1,1,0,0,0,1,1,1,South,Retailer,Bulk Purchase,21671,64,4137,22.62,3,0,0,2.3
196_97,0,0,1,1,0,0,0,1,1,0,0,0,0,0,0,West,Wholesaler,Loyalty,26079,48,3934,-8.1,3,1,0,1.3
1000_67,1,0,0,0,1,1,1,1,0,0,1,1,1,0,0,Central,Wholesaler,Discount,13401,79,3715,3.93,7,0,0,3.8
835_23,1,0,0,0,1,0,1,1,0,1,1,0,1,0,0,South,Wholesaler,Bulk Purchase,18780,29,3587,1.25,7,1,1,3.9
737_87,1,1,1,0,0,0,1,0,0,1,1,0,1,0,1,North,Wholesaler,Loyalty,19094,19,2188,5.64,5,0,1,4.0
264_82,1,0,0,1,0,1,1,1,1,0,0,1,1,0,0,North,Wholesaler,Bulk Purchase,24892,44,1369,24.9,5,0,0,3.6
444_48,0,0,0,0,0,0,1,1,0,0,0,1,1,0,0,West,Retailer,Discount,13655,78,4294,19.18,8,1,0,4.9
676_33,1,1,0,0,0,1,1,1,1,1,1,1,1,0,0,West,Wholesaler,Discount,11397,14,1869,21.9,6,0,0,2.1
305_60,0,0,0,1,0,0,0,0,1,1,1,0,1,1,1,East,Retailer,Bulk Purchase,20579,50,3314,-5.77,2,1,0,5.0
342_15,0,1,1,0,0,0,1,1,0,1,0,1,0,0,1,East,Wholesaler,Discount,21898,50,1836,1.9,3,1,0,1.3
967_12,0,1,1,1,1,1,0,0,0,1,0,1,0,0,0,North,Wholesaler,Loyalty,23531,53,3418,16.17,7,0,0,2.3
150_57,1,0,1,0,1,0,0,0,1,1,1,1,1,0,0,North,Retailer,Bulk Purchase,14149,26,1402,17.47,0,0,1,4.0
125_14,0,0,0,1,0,1,1,1,0,0,1,1,1,1,0,Central,Retailer,Discount,19782,29,3693,11.61,1,0,0,4.3
787_38,0,1,0,1,0,1,1,0,1,0,1,0,0,1,1,West,Retailer,Discount,27941,20,1857,16.4,9,1,1,3.9
051_81,1,0,1,0,0,0,1,0,0,1,1,0,0,1,0,Central,Retailer,Loyalty,14535,87,4830,16.33,8,0,0,4.2
354_5,0,0,0,1,1,0,0,0,1,1,1,0,0,0,1,South,Wholesaler,Bulk Purchase,21688,63,3120,-9.77,2,0,1,4.7
928_70,0,1,0,0,1,0,1,1,0,1,0,1,1,0,1,West,Wholesaler,Discount,24078,14,2609,-3.76,4,1,0,1.0
143_30,1,0,1,0,0,1,1,0,1,0,1,1,0,1,0,Central,Wholesaler,Loyalty,11234,14,1845,-9.98,9,0,1,3.9
471_22,1,1,1,1,0,1,1,0,1,1,1,1,0,1,1,East,Retailer,Discount,19523,46,3062,7.34,4,1,1,2.4
400_62,0,0,0,1,0,0,1,0,1,0,0,0,0,1,1,North,Wholesaler,Bulk Purchase,21933,81,4394,0.28,2,0,0,4.2
626_78,0,1,1,1,0,1,1,0,0,1,1,1,1,1,1,Central,Retailer,Discount,19609,41,4905,17.95,2,1,0,2.1
321_8,0,1,0,0,0,0,0,1,1,1,1,1,0,0,0,West,Wholesaler,Loyalty,15893,40,3796,3.99,9,1,1,3.0
020_73,1,0,1,0,1,0,0,1,1,0,0,1,1,1,0,Central,Retailer,Discount,24605,34,4677,28.93,7,1,1,2.7
810_43,0,1,0,0,0,1,0,1,1,0,0,0,0,0,1,West,Retailer,Discount,10971,44,1212,13.15,2,1,0,3.9
791_71,0,1,1,0,1,1,1,1,0,0,0,0,1,0,1,North,Wholesaler,Loyalty,17978,66,2572,3.54,2,1,0,1.4
809_26,0,0,1,0,0,0,1,1,0,0,0,0,0,0,0,South,Retailer,Discount,17869,55,4730,25.86,5,0,0,4.0
408_48,0,1,1,1,1,1,1,1,1,0,1,1,0,0,1,South,Wholesaler,Loyalty,15418,15,1804,4.08,0,0,1,4.4
538_42,1,0,0,0,0,0,1,1,1,1,0,0,0,0,0,East,Wholesaler,Discount,24099,67,4657,19.62,8,1,1,3.2
621_30,0,1,1,0,1,1,1,0,1,1,0,0,1,1,1,West,Wholesaler,Loyalty,18219,98,3988,21.61,8,0,0,2.0
039_29,0,1,0,0,1,0,1,0,1,1,0,1,0,1,1,West,Wholesaler,Loyalty,14359,63,2758,-4.91,2,0,1,2.7
176_67,1,1,1,0,1,1,0,1,1,1,0,0,1,1,1,South,Retailer,Bulk Purchase,26300,18,1607,0.67,7,1,0,1.6
246_10,1,1,1,1,1,1,1,1,0,0,0,1,0,0,1,South,Retailer,Bulk Purchase,19688,34,2941,-8.46,4,0,1,4.4
829_75,0,1,0,0,0,0,0,1,0,0,0,0,1,0,0,South,Retailer,Bulk Purchase,13578,87,3379,-3.56,4,0,0,2.1
668_92,1,0,1,0,0,0,0,0,1,1,1,0,1,1,1,North,Wholesaler,Bulk Purchase,10232,48,3207,-5.6,1,1,1,4.1
755_44,1,0,1,0,0,1,1,1,0,0,0,0,0,1,0,North,Wholesaler,Loyalty,20020,14,2652,-4.69,3,0,0,1.1
859_61,1,0,0,0,0,1,1,0,1,0,0,1,0,0,1,Central,Retailer,Bulk Purchase,18612,2,1092,3.96,9,0,0,3.9
155_49,1,1,0,0,1,0,0,1,1,0,1,0,1,1,1,East,Retailer,Discount,15348,34,2491,18.4,2,0,1,3.6
288_79,1,0,0,0,0,1,1,0,0,0,0,1,0,0,0,North,Retailer,Bulk Purchase,26831,56,3883,-5.3,9,1,1,2.2
603_23,1,0,0,1,1,0,1,1,0,0,0,0,1,1,1,North,Wholesaler,Loyalty,18498,95,4802,28.39,4,0,0,1.3
570_37,0,0,0,1,0,0,1,0,1,0,1,1,1,1,1,East,Wholesaler,Bulk Purchase,26825,46,2726,-3.41,10,1,1,1.8
744_90,1,1,1,0,1,0,0,1,1,1,1,1,1,0,1,South,Retailer,Loyalty,14553,37,3775,14.43,2,0,0,3.7
018_74,0,0,1,1,1,0,1,0,0,1,1,1,0,0,0,North,Retailer,Discount,14035,84,2259,26.45,10,1,1,3.9
128_67,1,1,0,1,1,1,1,0,1,0,0,1,1,0,1,Central,Wholesaler,Bulk Purchase,12128,68,4858,-1.34,9,1,1,4.7
323_43,1,0,0,0,1,1,1,0,1,0,1,0,0,1,1,East,Wholesaler,Loyalty,12732,85,2408,25.94,4,0,0,3.6
256_95,1,1,1,0,0,1,0,1,0,0,0,0,0,1,1,South,Wholesaler,Loyalty,21616,33,1230,-3.56,5,1,1,2.5
658_78,1,0,1,0,1,0,1,1,0,1,0,0,0,0,0,West,Retailer,Discount,16107,89,3135,3.7,7,1,1,4.2
965_36,1,0,0,1,0,0,0,1,0,0,1,0,0,1,1,West,Wholesaler,Discount,21363,59,3090,29.82,1,0,1,3.8
191_20,0,0,0,1,0,0,0,0,0,1,1,0,0,0,0,North,Wholesaler,Bulk Purchase,22938,59,3341,14.27,10,0,0,4.6
116_23,1,0,0,1,1,0,0,0,1,0,0,0,1,0,0,East,Wholesaler,Discount,12315,83,1555,11.55,3,0,1,5.0
617_59,1,0,1,1,1,0,0,0,1,1,1,0,1,1,1,East,Retailer,Bulk Purchase,27374,87,2348,9.24,10,0,0,2.9
607_17,1,0,0,1,0,1,0,0,1,1,0,1,1,0,0,North,Wholesaler,Discount,26373,49,1455,10.06,3,1,1,4.4
181_91,1,1,0,0,0,1,1,0,1,1,1,0,0,0,0,West,Wholesaler,Discount,23287,27,2769,22.67,4,1,1,3.0
302_92,1,0,0,1,1,0,0,1,0,0,1,1,1,0,1,West,Wholesaler,Discount,22075,88,1168,11.99,6,0,1,4.1
760_71,0,0,0,1,0,0,0,1,0,1,1,1,0,1,1,South,Retailer,Discount,18697,62,4038,-2.58,5,0,0,2.7
713_40,1,1,0,1,0,1,1,1,1,0,1,0,1,0,0,South,Wholesaler,Bulk Purchase,23635,42,4639,-4.78,4,0,0,4.7
724_39,0,0,0,0,0,1,0,0,1,0,0,1,0,1,0,South,Wholesaler,Loyalty,14449,98,1211,11.12,1,0,0,2.6
686_99,1,1,0,0,1,0,0,0,1,0,1,1,0,1,1,East,Retailer,Loyalty,18076,66,2457,27.3,2,0,0,4.1
980_60,0,1,1,0,1,0,1,1,0,1,1,0,1,1,1,North,Retailer,Bulk Purchase,24416,27,2789,27.19,10,0,0,4.5
518_35,1,0,1,0,1,1,1,0,0,1,0,1,1,1,1,South,Wholesaler,Loyalty,15169,89,4987,-8.12,1,0,0,4.8
985_87,0,0,0,1,0,1,0,1,0,1,0,0,1,1,0,North,Retailer,Discount,18659,75,3370,-1.37,5,0,1,5.0
046_57,0,0,1,1,1,0,1,1,0,1,0,1,1,0,1,Central,Wholesaler,Loyalty,14735,89,1576,4.0,9,0,0,4.1
910_79,0,0,1,0,1,0,0,1,0,0,0,0,1,0,0,East,Wholesaler,Discount,20101,4,4995,11.17,6,0,0,2.7
158_16,0,1,1,1,0,0,0,1,1,1,1,0,1,1,0,West,Wholesaler,Discount,25541,28,1621,-5.56,6,0,1,5.0
852_90,0,1,1,0,1,0,0,1,0,0,0,1,1,1,0,North,Retailer,Bulk Purchase,17341,93,1445,-4.23,8,0,1,3.5
172_5,1,1,0,1,1,0,0,0,1,0,0,0,1,0,1,East,Retailer,Loyalty,19354,8,4959,15.36,8,1,0,3.7
017_53,1,0,1,1,1,0,0,1,0,1,0,1,1,1,1,East,Wholesaler,Discount,29552,43,1387,16.29,5,0,1,3.0
512_8,0,1,0,1,0,0,1,1,0,1,0,0,0,1,1,West,Retailer,Bulk Purchase,24912,45,3088,2.7,10,1,0,2.7
049_38,0,1,0,0,0,0,0,1,1,0,0,0,0,1,1,South,Retailer,Discount,28415,65,1136,14.41,3,1,1,4.0
972_63,0,1,1,1,0,0,0,0,1,0,0,0,1,0,0,North,Wholesaler,Discount,12192,88,3938,6.35,2,0,1,1.1
941_91,1,1,0,0,1,1,0,0,1,0,1,0,0,0,1,East,Retailer,Discount,16418,85,2622,22.3,0,1,1,3.0
516_26,1,1,1,0,1,1,1,0,1,1,0,0,0,1,1,West,Retailer,Discount,26025,34,4692,0.05,4,1,1,4.2
953_82,1,0,1,0,0,0,0,1,0,0,0,1,1,1,1,Central,Wholesaler,Discount,22031,73,1812,3.15,9,0,1,4.1
481_77,0,1,0,1,1,1,0,0,1,1,0,1,0,1,1,Central,Wholesaler,Bulk Purchase,24269,95,1198,24.42,6,0,0,4.9
284_6,1,1,1,0,0,1,1,1,1,1,1,0,0,0,1,North,Wholesaler,Discount,14614,17,2751,-1.03,10,1,1,4.0
719_84,1,1,0,1,0,1,0,1,1,0,0,1,1,0,0,South,Retailer,Discount,29385,75,1078,15.74,8,0,1,4.5
878_69,1,1,0,0,1,0,0,1,1,1,1,0,1,1,1,Central,Wholesaler,Loyalty,10795,84,1240,7.28,4,0,0,2.3
226_26,1,0,1,1,0,1,1,1,0,0,0,1,0,1,0,South,Wholesaler,Loyalty,24792,76,3955,3.82,4,1,0,3.5
027_44,0,1,1,1,1,1,1,1,1,1,1,1,1,0,0,South,Wholesaler,Loyalty,11911,76,4402,-3.49,4,0,0,3.1
955_55,0,0,0,1,0,0,0,0,0,0,0,0,0,0,0,North,Wholesaler,Loyalty,21206,75,4122,24.22,2,1,0,2.4
438_71,0,0,1,0,1,1,0,1,1,1,1,0,1,1,1,Central,Retailer,Discount,23213,47,1059,2.56,9,1,1,2.5
952_85,1,1,1,1,0,0,0,0,0,1,0,0,1,0,1,South,Retailer,Discount,19638,18,1771,3.47,0,1,1,2.3
365_74,0,0,1,0,0,1,1,0,0,1,1,0,0,1,0,North,Retailer,Loyalty,12914,77,2752,-5.38,7,0,1,2.2
230_31,0,1,0,1,1,1,0,1,0,0,0,0,1,0,0,South,Retailer,Bulk Purchase,22843,70,4051,9.89,2,0,1,3.3
038_80,1,0,0,1,1,1,1,0,1,1,1,0,1,0,1,East,Wholesaler,Bulk Purchase,24947,97,1224,26.97,8,0,0,4.5
966_85,1,0,1,1,0,0,1,0,1,1,1,1,0,0,0,North,Retailer,Bulk Purchase,10025,57,4235,-6.32,0,0,1,2.5
375_36,1,0,0,0,1,1,0,0,1,0,0,1,1,1,1,South,Wholesaler,Loyalty,10875,6,3510,7.13,4,0,0,2.5
470_91,1,1,1,1,1,0,0,0,0,0,1,0,0,1,1,South,Wholesaler,Loyalty,19840,9,3074,26.62,5,1,1,4.5
968_77,1,0,1,0,0,1,1,0,1,1,1,0,1,1,0,South,Retailer,Loyalty,20813,3,3186,7.63,7,1,0,4.7
851_52,1,0,0,1,1,0,0,0,0,1,0,0,1,0,0,South,Wholesaler,Bulk Purchase,21312,56,1005,17.48,8,0,1,1.2
705_89,1,1,0,0,1,0,1,1,0,1,0,0,1,0,0,North,Retailer,Bulk Purchase,27959,33,4659,14.45,1,0,1,3.9
842_14,0,0,0,0,1,1,1,1,0,0,1,1,1,0,1,West,Wholesaler,Discount,14967,59,1292,4.89,0,0,0,2.4
195_91,1,1,1,1,0,1,1,0,1,1,0,1,1,1,1,South,Retailer,Bulk Purchase,12443,18,4288,-4.41,3,1,0,2.1
855_37,1,1,1,1,1,0,1,0,1,0,0,1,1,1,1,Central,Retailer,Bulk Purchase,13683,7,4581,-1.66,4,1,0,4.4
865_71,1,0,1,0,0,0,1,0,0,0,0,0,1,1,0,South,Retailer,Loyalty,14451,7,4208,29.13,7,0,0,3.2
504_24,0,1,0,1,1,0,1,1,1,1,0,0,1,1,0,Central,Retailer,Loyalty,18432,73,4780,26.96,6,1,1,5.0
970_51,1,1,0,1,0,0,1,0,0,1,0,0,1,1,1,Central,Retailer,Discount,21443,34,1977,22.18,4,1,0,3.5
831_44,0,1,1,1,1,0,0,0,0,0,1,0,0,1,0,West,Wholesaler,Loyalty,24666,52,3128,-4.73,1,1,1,4.2
580_76,1,1,0,0,0,1,1,1,1,1,0,0,0,1,1,West,Retailer,Discount,28736,48,1986,26.35,8,0,0,3.1
969_32,1,1,1,0,1,1,0,0,1,0,1,0,1,0,1,North,Retailer,Loyalty,16788,3,4737,10.3,8,1,0,1.1
163_37,1,0,1,0,0,1,0,1,1,1,1,1,1,0,0,East,Retailer,Bulk Purchase,12516,70,2186,27.7,5,0,1,3.9
909_26,0,0,1,0,0,1,1,0,0,0,1,0,0,1,1,North,Wholesaler,Discount,16125,12,2451,0.05,1,1,1,2.9
153_78,0,1,0,0,1,0,0,1,1,1,1,0,1,1,0,West,Retailer,Discount,21500,57,4449,-3.12,8,1,0,1.1
802_39,0,0,1,1,1,1,0,1,1,1,0,1,0,1,0,West,Retailer,Loyalty,20014,79,2549,10.87,8,1,0,2.4
994_35,1,1,1,1,1,0,0,1,1,1,1,1,0,1,0,West,Retailer,Loyalty,13535,94,1174,3.19,8,0,0,3.3
756_5,0,1,1,0,1,1,0,0,0,0,1,1,1,1,1,North,Wholesaler,Discount,16699,55,3968,7.02,5,1,1,2.2
112_78,1,0,0,0,0,0,1,1,1,0,0,1,1,1,0,South,Retailer,Loyalty,24629,78,3357,22.83,1,1,1,4.6
227_79,1,0,0,0,1,0,0,1,0,0,0,1,1,0,0,North,Wholesaler,Bulk Purchase,14492,40,2048,-9.28,6,0,0,1.4
689_14,0,1,1,1,0,1,1,1,0,0,1,1,0,1,1,West,Wholesaler,Loyalty,27862,81,1484,-9.06,9,1,1,2.6
104_63,0,0,0,1,0,0,0,0,1,1,0,0,1,1,0,East,Retailer,Discount,27573,24,1467,2.5,2,1,1,2.3
422_98,0,1,0,1,0,0,0,1,1,0,0,1,0,0,1,South,Retailer,Loyalty,15218,83,3923,26.95,1,0,0,3.1
420_42,1,1,0,0,0,1,1,1,0,0,0,1,1,0,1,West,Wholesaler,Discount,11089,40,1425,18.63,8,0,1,1.6
751_56,0,1,0,0,0,1,1,0,1,1,0,1,0,1,0,Central,Retailer,Discount,24993,41,2694,-7.97,2,0,0,1.3
587_17,0,0,0,0,0,1,1,1,0,0,0,1,0,1,1,East,Retailer,Bulk Purchase,22144,78,1855,22.96,0,1,1,4.5
781_55,1,1,0,1,0,1,0,0,1,1,1,1,1,1,0,West,Wholesaler,Bulk Purchase,27642,50,1682,29.2,6,0,0,2.9
673_45,0,1,0,0,1,0,0,1,0,1,1,1,0,0,1,East,Retailer,Discount,18786,95,4628,28.84,6,1,1,2.7
120_41,0,1,1,0,0,0,1,0,0,1,1,1,1,0,0,Central,Wholesaler,Discount,18371,51,4390,13.41,5,1,0,4.4
054_2,0,1,1,0,0,1,0,1,0,0,1,1,0,1,1,North,Wholesaler,Discount,10448,53,1628,18.23,4,1,0,3.5
152_89,0,0,0,0,0,1,1,0,1,0,0,1,1,1,0,North,Wholesaler,Loyalty,20750,17,3514,7.31,1,1,1,3.7
404_56,1,0,0,1,0,0,0,0,0,1,1,1,1,0,1,East,Wholesaler,Discount,19911,80,1099,13.28,5,1,0,2.4
946_29,1,1,0,0,0,0,1,0,1,1,0,0,0,0,1,West,Wholesaler,Loyalty,24405,37,3526,12.13,3,0,1,3.0
208_30,0,1,0,0,0,1,0,1,1,0,0,0,1,0,0,South,Retailer,Bulk Purchase,14530,5,3648,-2.42,9,0,1,4.5
659_74,1,1,1,0,1,0,1,0,1,0,0,0,1,0,0,South,Retailer,Discount,18856,4,4574,29.15,7,0,0,2.9
844_69,0,0,0,1,0,1,0,0,1,1,1,1,1,0,1,West,Wholesaler,Loyalty,22177,14,2347,29.66,5,1,1,3.9
763_55,1,1,1,0,0,1,1,1,0,1,0,1,0,1,0,Central,Wholesaler,Loyalty,25343,12,3559,24.38,0,1,1,1.9
009_39,0,0,1,0,1,1,1,0,1,1,1,0,0,1,1,Central,Wholesaler,Loyalty,23003,29,3101,17.5,10,0,1,1.4
808_19,0,0,1,1,1,1,1,1,0,0,1,0,1,1,1,West,Retailer,Bulk Purchase,14324,30,1764,4.73,5,1,1,3.2
037_89,0,0,1,0,0,1,1,0,1,0,1,1,0,0,0,Central,Retailer,Loyalty,24748,70,3732,12.68,2,1,0,1.6
453_93,1,0,0,1,0,1,0,0,0,1,0,1,0,0,1,North,Retailer,Discount,13337,63,1360,27.89,5,0,0,1.5
652_68,1,1,0,0,0,1,1,0,0,1,1,0,0,0,0,Central,Retailer,Bulk Purchase,17971,11,4307,-5.62,9,0,1,1.4
254_46,1,1,1,0,1,0,0,0,0,0,1,0,0,1,1,West,Retailer,Loyalty,21046,46,3272,14.15,10,0,0,2.4
304_33,1,1,1,0,1,0,0,0,0,0,0,0,0,0,0,South,Wholesaler,Discount,25789,31,2034,2.28,4,0,0,4.0
747_84,0,0,1,0,0,1,1,1,1,1,0,1,1,0,0,West,Retailer,Discount,29652,85,2413,26.15,2,0,0,3.2
572_94,0,1,0,0,0,0,1,0,0,1,1,0,1,1,0,North,Wholesaler,Loyalty,24013,45,3974,24.34,6,0,0,4.4
624_61,0,0,1,1,0,0,0,0,1,1,1,1,0,0,0,North,Wholesaler,Bulk Purchase,21738,66,1932,25.88,8,0,0,3.2
733_77,0,0,1,1,0,0,1,0,0,0,1,0,1,1,0,South,Retailer,Loyalty,27382,40,1539,4.89,8,0,0,2.8
892_81,1,0,0,1,0,0,1,1,0,0,0,1,1,1,1,East,Retailer,Loyalty,29835,56,2418,-9.67,1,1,0,4.8
263_84,0,1,1,0,1,0,1,1,1,0,0,0,0,0,1,Central,Retailer,Loyalty,14012,10,3938,15.65,1,1,0,3.2
611_23,1,1,0,1,1,1,1,0,0,1,0,1,0,1,1,South,Retailer,Loyalty,23217,85,2471,5.41,5,0,1,1.3
298_40,0,1,1,0,1,1,0,1,0,0,0,0,1,1,1,Central,Retailer,Bulk Purchase,21767,77,3002,1.73,3,0,0,2.4
415_35,1,0,0,0,1,1,0,0,1,0,0,1,0,1,1,South,Retailer,Loyalty,29012,28,3568,-1.2,5,1,1,4.1
151_43,0,0,0,1,0,1,1,0,0,1,1,0,0,1,1,South,Wholesaler,Loyalty,21773,78,1732,25.84,9,0,1,4.3
789_94,0,1,0,1,0,1,0,1,0,1,1,1,0,0,0,East,Wholesaler,Discount,21479,92,4819,-7.84,9,0,0,1.3
641_55,0,1,1,1,1,1,0,1,1,0,1,0,1,1,1,West,Retailer,Bulk Purchase,15713,99,2896,13.99,3,0,1,1.4
890_45,1,1,1,0,1,1,0,0,0,1,1,1,0,1,0,East,Retailer,Bulk Purchase,21995,94,3911,11.43,7,0,1,1.0
551_97,0,1,1,1,1,1,0,0,1,1,1,1,0,1,0,South,Retailer,Bulk Purchase,12630,29,4277,2.76,4,1,1,2.8
887_38,1,0,1,1,0,1,0,0,0,0,1,1,0,1,1,North,Retailer,Bulk Purchase,13197,37,3072,6.86,1,0,1,4.1
489_95,1,1,1,0,0,0,1,0,1,0,0,0,0,0,0,East,Retailer,Loyalty,25026,10,4238,21.55,0,1,0,3.5
148_23,0,0,1,0,1,0,1,1,0,0,1,1,0,1,1,East,Wholesaler,Discount,15702,32,1951,23.95,1,1,0,2.7
147_49,1,0,1,1,1,1,0,1,0,0,0,0,0,0,0,Central,Wholesaler,Loyalty,27802,5,3043,-3.39,4,0,1,3.7
721_88,0,0,0,1,1,1,0,0,0,1,1,1,0,0,0,East,Retailer,Loyalty,28775,72,2666,29.1,8,0,0,4.9
932_49,0,0,1,0,1,0,1,1,1,1,0,0,0,1,0,South,Wholesaler,Discount,13989,87,1338,20.5,7,0,0,3.3
740_93,0,1,1,1,0,0,1,1,0,1,1,1,0,0,1,South,Retailer,Discount,19799,55,3966,-3.74,8,1,1,2.3
660_78,0,0,1,1,0,0,1,1,1,0,1,1,0,1,1,Central,Retailer,Loyalty,19224,66,1272,9.29,2,0,1,5.0
349_4,0,1,1,0,1,0,0,0,0,0,0,0,1,1,0,South,Retailer,Discount,10239,83,3091,13.65,0,1,1,4.5
464_12,1,0,1,1,1,0,0,1,1,0,0,0,0,0,1,Central,Wholesaler,Loyalty,23675,15,3352,10.13,6,0,1,1.0
326_34,1,1,1,0,0,0,1,1,0,0,1,1,1,0,0,Central,Retailer,Loyalty,17181,5,4434,3.77,9,1,0,1.6
187_83,1,1,1,1,0,0,0,0,1,0,1,1,1,1,0,East,Retailer,Loyalty,27841,38,3295,8.3,3,0,1,4.9
124_50,0,1,0,0,0,1,1,1,1,1,0,0,1,0,0,South,Wholesaler,Loyalty,13910,40,2182,7.69,8,0,1,3.3
854_78,0,0,1,0,0,0,1,0,0,0,1,1,1,0,1,East,Retailer,Loyalty,20057,10,3390,5.21,1,0,1,3.4
609_32,1,1,1,0,0,1,0,0,0,1,1,0,1,0,1,Central,Retailer,Discount,10982,84,3179,23.24,8,1,1,4.8
144_34,1,1,1,0,0,1,1,1,0,1,0,1,0,1,0,West,Retailer,Bulk Purchase,29911,14,3276,5.12,1,0,0,2.4
959_18,1,1,1,1,1,0,1,0,1,0,0,1,1,1,1,East,Retailer,Discount,24746,7,3220,-0.76,0,1,0,3.2
198_4,0,1,0,1,1,0,1,1,0,1,0,1,1,0,0,South,Retailer,Bulk Purchase,19136,11,1828,9.42,2,1,1,2.2
610_94,1,1,0,0,0,1,0,0,0,1,0,0,0,0,1,North,Retailer,Discount,14576,69,2329,1.08,3,0,0,1.1
280_68,1,0,1,0,1,1,0,0,0,1,0,0,1,0,0,East,Wholesaler,Loyalty,13434,12,4281,19.71,2,1,0,3.2
294_14,0,0,1,1,1,1,0,1,1,0,1,1,0,0,0,West,Retailer,Discount,22994,38,4070,7.7,5,1,1,1.5
401_50,1,0,1,0,1,0,0,1,1,1,1,0,1,1,1,North,Retailer,Loyalty,29521,2,3001,-6.45,8,1,0,1.9
123_48,0,0,1,0,1,1,1,0,0,1,1,0,1,1,1,Central,Wholesaler,Loyalty,17051,6,2116,-9.49,10,1,0,3.1
184_52,0,1,1,0,1,1,0,1,0,0,0,1,0,0,1,West,Retailer,Bulk Purchase,17040,82,2161,17.6,8,1,1,3.9
203_73,0,1,1,1,1,0,1,1,1,1,1,0,1,0,0,North,Wholesaler,Bulk Purchase,24225,50,2746,12.14,5,0,1,3.9
439_42,0,0,1,1,0,0,0,1,1,0,0,0,1,0,1,Central,Retailer,Loyalty,16687,21,1086,21.81,8,1,1,3.3
247_67,1,1,0,0,1,1,1,1,0,1,0,0,1,0,1,West,Retailer,Loyalty,25988,13,1427,27.99,10,1,0,2.3
416_14,1,0,0,0,1,1,0,0,1,1,0,0,1,0,1,South,Retailer,Discount,26912,90,3912,25.09,2,0,1,4.6
933_87,1,0,0,0,0,1,1,0,0,0,0,1,0,0,1,Central,Wholesaler,Bulk Purchase,10331,1,4716,-2.27,6,0,0,3.0
766_94,1,1,0,1,0,0,1,0,1,1,0,0,0,1,1,Central,Retailer,Bulk Purchase,15309,42,3002,11.38,2,1,0,2.8
907_67,1,0,1,0,1,1,0,1,1,0,0,1,1,0,1,North,Retailer,Loyalty,15855,81,4283,-2.06,8,1,1,1.2
836_28,0,0,0,1,0,1,0,0,1,1,0,0,1,0,0,North,Retailer,Bulk Purchase,15460,90,2429,-9.59,0,1,0,1.3
888_13,1,0,0,1,1,0,0,0,0,1,0,1,1,1,0,South,Retailer,Loyalty,16947,43,2267,-2.57,9,1,0,3.5
130_78,1,0,1,1,0,1,0,1,1,1,1,0,0,0,0,South,Wholesaler,Discount,11162,45,3768,2.37,8,0,1,2.9
638_91,1,1,1,1,1,0,1,1,0,0,1,0,1,0,1,West,Retailer,Discount,18665,76,2416,23.15,6,1,1,2.4
403_97,0,0,1,1,0,0,0,1,1,0,1,1,1,1,0,West,Retailer,Discount,15326,14,3473,23.41,5,0,0,2.6
785_90,0,1,0,1,1,1,1,1,0,0,0,1,0,1,1,East,Wholesaler,Loyalty,27081,73,3507,12.84,8,1,1,3.3
771_82,1,0,0,1,0,1,1,0,1,0,1,0,1,0,1,South,Retailer,Bulk Purchase,12368,55,1526,21.96,9,1,0,4.6
736_80,1,1,0,0,1,1,0,0,1,1,0,0,1,0,1,East,Wholesaler,Bulk Purchase,10646,69,4319,-2.25,5,1,1,3.0
914_3,1,1,1,0,1,0,0,1,0,1,0,0,0,0,0,South,Wholesaler,Discount,20893,4,4390,26.82,9,1,0,4.7
220_14,1,0,1,1,0,1,1,1,0,1,0,1,1,0,1,East,Wholesaler,Loyalty,29351,75,4196,26.29,2,0,1,4.0
642_38,0,1,0,1,0,0,1,1,0,1,1,0,0,0,1,West,Retailer,Loyalty,29626,39,3520,23.51,7,1,1,1.4
916_67,1,0,0,1,0,1,1,0,0,0,0,1,1,1,1,East,Retailer,Discount,27061,20,3058,6.7,0,1,1,4.6
753_22,1,1,1,0,0,1,0,0,1,0,1,0,1,1,0,North,Wholesaler,Discount,21957,100,4678,-8.21,10,1,1,2.3
807_63,1,1,1,0,1,0,1,0,1,1,1,0,0,0,0,South,Retailer,Loyalty,22311,66,3106,15.9,3,0,1,4.6
920_29,0,0,0,0,0,1,1,1,1,1,1,1,1,1,0,West,Retailer,Bulk Purchase,26909,21,2592,-7.21,1,1,1,5.0
625_58,0,1,1,0,0,0,1,1,1,0,0,0,0,1,0,South,Wholesaler,Bulk Purchase,18351,65,1291,-2.9,2,1,0,2.8
875_54,0,0,0,1,1,1,1,0,0,1,1,0,0,0,1,East,Retailer,Loyalty,21875,39,4839,15.82,8,0,1,3.1
761_62,0,1,0,0,1,0,1,1,0,0,1,1,1,0,0,West,Wholesaler,Bulk Purchase,26807,6,1138,-4.83,9,0,1,4.4
387_19,0,1,1,1,1,0,0,1,0,0,1,1,0,1,1,Central,Retailer,Bulk Purchase,10125,71,4287,24.61,7,1,1,4.8
973_90,0,0,1,1,0,0,0,1,0,0,1,0,1,0,0,West,Retailer,Bulk Purchase,18074,70,1656,7.1,7,1,0,4.1
510_90,0,0,0,1,0,0,1,0,0,1,1,1,0,0,0,East,Retailer,Discount,17430,88,2777,3.07,9,0,0,4.6
268_6,0,1,0,1,1,1,0,1,1,0,0,0,1,0,0,East,Retailer,Loyalty,23944,56,2757,-1.01,3,0,1,3.5
820_66,1,1,1,0,1,1,1,0,0,1,0,1,0,1,0,West,Retailer,Discount,16060,74,3352,8.68,1,1,0,1.8
442_89,1,1,1,1,0,0,0,1,1,1,1,1,0,1,0,West,Retailer,Discount,26440,22,1563,-9.5,2,1,1,2.4
497_45,1,0,0,1,0,0,1,1,1,1,1,0,1,0,1,West,Retailer,Discount,16745,73,1730,-2.63,10,1,0,4.6
113_80,1,1,1,1,0,1,1,1,1,0,0,0,1,1,1,North,Retailer,Bulk Purchase,24974,52,4017,25.75,7,0,1,1.6
692_68,1,1,1,1,0,0,1,1,1,1,1,1,0,1,0,West,Retailer,Loyalty,21682,62,4982,3.28,7,0,1,2.9
233_94,1,0,0,0,1,0,1,1,1,0,1,0,1,0,1,West,Wholesaler,Bulk Purchase,20132,85,1900,8.81,5,0,1,2.8
870_31,0,1,1,0,0,0,0,0,1,0,0,1,0,1,1,South,Wholesaler,Loyalty,26678,25,1209,16.04,5,0,0,3.0
608_60,0,0,1,0,1,0,1,1,1,1,1,0,0,1,0,North,Wholesaler,Discount,15878,15,3729,2.08,9,0,1,1.9
672_75,0,1,1,1,0,1,0,1,0,0,0,1,1,0,1,East,Retailer,Discount,11807,89,3297,2.3,6,1,0,1.7
374_35,0,1,1,0,0,1,1,0,1,1,0,0,1,0,1,East,Wholesaler,Loyalty,17442,35,1816,14.69,6,1,1,5.0
982_66,1,0,1,0,1,0,1,1,0,0,1,1,1,1,0,West,Wholesaler,Loyalty,20668,2,3984,6.11,3,0,0,3.8
843_2,0,0,1,1,0,0,1,0,1,1,1,1,1,1,0,West,Retailer,Discount,25761,21,2735,22.75,2,1,0,4.2
234_6,1,0,0,1,1,0,1,0,1,0,1,1,0,1,1,East,Retailer,Discount,21412,93,3524,0.21,10,1,0,4.7
786_80,0,0,0,1,0,1,1,0,0,1,1,0,0,0,0,South,Wholesaler,Discount,17238,66,1985,28.64,4,0,1,1.7
677_94,0,1,0,1,1,1,1,1,1,0,1,0,1,1,0,Central,Retailer,Bulk Purchase,25054,93,4987,20.55,10,0,1,1.4
318_62,0,0,0,1,1,1,0,0,1,0,0,1,0,0,0,North,Wholesaler,Loyalty,12403,86,2840,-1.4,10,0,0,4.9
649_61,0,0,0,1,0,0,0,0,1,1,0,0,1,1,0,Central,Wholesaler,Loyalty,20888,3,3443,-9.58,0,0,0,1.7
411_17,0,0,0,0,1,1,0,1,1,1,0,0,0,1,0,South,Wholesaler,Loyalty,10458,81,2001,18.44,7,1,0,1.2
899_10,0,0,0,0,0,1,0,0,1,1,0,0,1,0,1,Central,Retailer,Loyalty,12264,88,2527,27.61,4,1,0,2.3
710_28,0,1,0,0,0,1,1,0,1,0,0,1,1,1,1,West,Wholesaler,Loyalty,17914,84,4241,24.86,7,0,1,4.1
359_15,1,1,0,0,0,0,1,1,1,0,1,1,1,0,0,West,Retailer,Loyalty,19572,76,4066,0.87,10,0,1,2.9
259_69,1,1,1,0,1,0,0,0,0,1,0,1,1,0,1,West,Wholesaler,Discount,15465,81,1735,19.0,8,0,1,2.4
745_84,0,0,1,0,1,1,1,0,1,1,0,0,1,0,0,East,Retailer,Bulk Purchase,21398,49,1757,21.0,0,0,0,3.2
628_44,1,0,0,1,0,1,1,1,0,1,0,1,1,0,0,West,Wholesaler,Discount,25042,5,2468,-3.3,6,1,1,2.3
633_17,0,1,1,0,1,0,1,1,1,1,0,1,0,0,0,East,Retailer,Bulk Purchase,18746,76,3592,19.22,4,0,1,1.7
283_22,1,0,0,0,1,1,1,1,0,1,1,0,0,1,0,Central,Wholesaler,Loyalty,12508,98,2789,17.92,0,1,0,2.4
377_32,0,1,0,0,0,1,0,0,0,0,0,1,1,0,1,West,Wholesaler,Loyalty,21222,65,1171,0.79,7,0,1,3.3
385_38,1,0,0,1,0,0,1,0,1,1,0,1,0,1,1,West,Wholesaler,Bulk Purchase,26193,65,4033,19.53,1,1,0,2.1
225_10,1,0,0,1,1,0,0,0,1,0,0,0,0,1,0,Central,Retailer,Loyalty,17179,92,2194,21.67,6,1,0,3.1
954_51,1,1,1,1,1,1,1,1,1,1,0,1,1,0,1,North,Retailer,Loyalty,13263,87,3042,1.68,1,1,1,2.2
815_22,0,1,0,0,0,1,0,1,0,1,1,1,1,1,0,East,Retailer,Bulk Purchase,12874,57,1372,26.84,3,1,0,1.8
473_18,1,1,1,1,1,1,0,0,0,0,0,1,0,0,0,Central,Wholesaler,Bulk Purchase,16357,42,2393,16.23,4,1,1,4.5
348_4,0,1,0,0,0,0,0,0,1,0,1,1,0,0,0,Central,Wholesaler,Loyalty,23651,61,1605,15.01,6,0,1,2.9
506_21,1,0,1,1,1,0,1,1,0,0,0,1,1,0,0,North,Retailer,Bulk Purchase,20892,1,3258,4.36,1,1,1,4.5
640_84,0,1,1,1,0,1,0,1,0,0,0,1,0,1,1,Central,Wholesaler,Discount,17799,98,2566,1.2,1,1,1,1.8
988_20,1,0,1,0,1,0,1,1,0,1,1,1,0,0,1,Central,Retailer,Loyalty,25783,51,1293,-7.02,10,0,1,4.2
929_9,1,0,1,0,1,1,1,0,0,1,0,1,1,0,1,West,Retailer,Bulk Purchase,18008,65,4810,-5.96,3,0,0,4.1
906_37,1,1,0,0,1,0,0,0,1,1,1,1,1,1,0,East,Wholesaler,Bulk Purchase,23681,80,2938,-5.52,8,1,1,1.2
620_61,0,0,0,1,0,0,1,1,0,0,1,0,0,0,0,West,Wholesaler,Bulk Purchase,25008,41,3487,-3.42,8,0,1,3.0
856_9,1,1,1,1,0,0,0,1,0,0,0,0,1,0,1,Central,Wholesaler,Discount,29652,36,2197,23.8,4,1,1,1.3
804_42,1,1,1,0,0,1,0,0,1,0,0,1,0,0,0,South,Wholesaler,Loyalty,14614,79,1554,25.98,4,0,0,2.7
646_3,0,0,1,1,1,1,1,1,1,1,0,1,0,0,0,Central,Wholesaler,Discount,29771,65,4179,1.47,7,1,1,4.6
847_41,1,0,1,1,1,1,1,1,1,0,1,0,1,1,0,West,Retailer,Discount,24751,29,1830,8.52,10,1,1,1.2
557_90,1,1,1,1,1,0,1,1,0,1,0,1,0,0,0,North,Wholesaler,Bulk Purchase,16251,16,3342,12.08,6,1,0,4.0
958_34,0,1,0,0,0,1,1,1,1,1,1,0,0,1,1,Central,Wholesaler,Discount,28861,4,4432,18.05,3,1,1,4.6
578_24,1,1,1,1,0,0,1,1,1,1,0,1,1,1,0,South,Retailer,Discount,19844,26,4737,3.74,9,1,0,1.1
796_58,0,1,0,0,1,0,0,0,0,0,1,0,0,1,0,East,Wholesaler,Loyalty,12553,99,4367,-9.05,5,0,1,4.8
086_12,1,1,1,1,0,0,1,0,1,1,1,1,0,1,1,North,Retailer,Bulk Purchase,16570,64,2524,2.98,4,1,1,4.9
243_69,1,1,1,1,0,0,1,0,0,0,0,0,0,1,1,East,Retailer,Discount,11129,49,1798,3.73,8,1,0,1.1
699_73,0,0,1,1,0,0,0,1,1,0,1,1,1,1,1,North,Wholesaler,Loyalty,17729,16,3605,23.83,5,1,1,1.6
160_80,1,1,0,1,0,0,1,1,1,1,1,0,0,1,1,South,Wholesaler,Discount,11542,59,3230,29.81,1,0,0,2.2
525_38,0,1,1,0,0,1,1,1,1,1,1,1,0,0,1,North,Wholesaler,Bulk Purchase,20439,25,3524,-3.02,0,1,0,4.3
036_19,1,0,1,1,0,0,0,1,0,1,0,0,0,0,1,East,Wholesaler,Loyalty,26346,52,4768,22.02,6,0,1,3.8
541_42,1,0,0,1,1,1,0,1,0,0,0,1,1,0,1,Central,Wholesaler,Bulk Purchase,10915,76,3932,7.76,2,1,1,3.9
171_84,0,1,0,0,0,0,1,0,1,0,1,0,1,1,1,South,Retailer,Loyalty,17008,37,4137,-7.46,2,0,1,3.3
655_72,0,0,0,1,0,0,0,1,1,0,0,1,0,0,0,East,Retailer,Loyalty,16354,99,1332,13.54,2,0,0,2.8
891_92,1,0,0,0,1,0,1,1,1,0,1,0,0,0,0,East,Retailer,Bulk Purchase,29931,83,1763,28.06,0,1,1,4.4
858_82,0,1,1,1,0,0,0,1,0,0,0,1,1,1,0,East,Wholesaler,Loyalty,18745,91,3938,-7.33,3,1,1,1.4
848_19,0,1,1,1,1,0,0,0,1,1,1,0,1,0,0,East,Retailer,Discount,11128,57,1904,10.39,8,1,0,1.6
945_24,1,1,0,1,1,1,0,0,0,1,1,0,0,1,1,Central,Wholesaler,Discount,11989,58,3686,-6.09,8,1,1,3.0
734_76,0,0,1,0,0,0,0,0,0,1,0,0,0,0,0,South,Retailer,Loyalty,20201,11,1994,5.58,10,0,0,4.4
096_28,1,0,1,0,1,0,0,1,1,0,1,0,1,0,0,West,Retailer,Loyalty,19481,91,1913,21.49,1,1,1,2.6
564_45,1,0,0,0,0,0,0,1,0,1,1,0,1,1,1,East,Wholesaler,Discount,21024,91,2468,3.79,7,0,1,2.6
241_10,1,0,0,0,1,1,0,0,1,0,0,0,0,0,1,East,Wholesaler,Discount,11197,87,3560,-7.82,3,0,0,3.1
743_66,0,1,1,1,1,1,1,0,1,0,0,1,0,0,1,South,Wholesaler,Loyalty,19859,26,3464,17.94,6,0,0,4.7
575_64,1,1,1,1,1,1,1,1,0,0,0,1,1,0,0,West,Wholesaler,Bulk Purchase,14440,47,2795,-6.28,7,0,1,2.3
691_63,0,0,0,1,1,1,1,1,1,0,1,1,0,1,1,East,Wholesaler,Loyalty,26819,24,4267,0.31,4,0,0,2.3
461_10,1,0,0,1,1,1,1,0,0,1,0,1,0,0,0,South,Wholesaler,Bulk Purchase,15583,56,3632,12.82,10,1,0,1.4
554_17,0,1,0,0,0,0,0,0,0,0,0,0,0,1,0,South,Wholesaler,Loyalty,15144,77,4795,18.06,1,1,1,1.1
889_79,1,1,1,0,1,0,1,1,1,0,0,0,1,0,0,West,Wholesaler,Discount,27178,68,3015,25.9,5,0,0,4.8
207_5,1,0,1,0,0,0,0,0,0,0,0,0,0,0,0,Central,Retailer,Bulk Purchase,27694,99,2836,2.01,10,1,0,3.6
393_74,1,1,0,1,1,1,1,0,1,1,0,1,0,1,0,North,Wholesaler,Loyalty,20595,41,3131,6.06,4,0,0,4.7
795_51,0,1,0,1,0,1,0,1,1,1,0,0,0,1,1,East,Retailer,Bulk Purchase,22424,81,3919,9.92,3,1,0,4.5
398_4,0,0,0,1,0,0,0,0,0,0,0,0,0,0,1,South,Wholesaler,Loyalty,16047,34,4420,-6.8,3,0,1,2.9
767_94,0,0,1,1,1,1,0,0,1,0,0,1,0,0,0,North,Wholesaler,Bulk Purchase,15461,22,4037,5.75,7,1,1,3.6
849_9,1,1,1,1,1,1,1,0,0,1,0,0,1,1,1,South,Retailer,Bulk Purchase,22036,84,2725,7.06,0,0,1,3.1
218_84,0,0,0,0,0,0,1,0,0,0,0,1,1,0,0,South,Wholesaler,Bulk Purchase,29415,66,2570,22.69,1,0,0,1.5
005_9,1,0,0,0,1,0,1,1,0,1,1,0,1,1,0,West,Wholesaler,Bulk Purchase,17056,87,1513,6.5,0,0,0,4.4
769_89,0,0,1,0,0,1,0,1,1,1,0,1,0,0,0,North,Wholesaler,Discount,21773,90,3754,-5.52,2,0,0,1.3
643_73,0,0,0,1,1,0,0,0,1,0,0,1,1,1,0,South,Retailer,Loyalty,20600,18,1904,1.99,0,0,1,4.2
930_63,1,0,0,1,0,0,0,1,0,1,0,1,1,1,0,North,Wholesaler,Bulk Purchase,18059,75,1642,-8.39,3,1,0,3.1
613_54,1,0,1,0,1,1,0,0,1,0,1,0,0,0,1,North,Retailer,Discount,23920,62,1807,21.45,7,1,1,3.4
739_71,0,0,1,0,1,0,0,1,1,0,0,1,0,1,1,East,Retailer,Bulk Purchase,21126,37,1435,-4.72,9,1,0,4.7
547_87,1,1,0,1,0,1,1,0,1,1,0,0,1,1,1,Central,Retailer,Discount,24610,96,4364,25.58,5,1,0,2.5
726_16,1,0,0,1,0,1,1,1,0,1,0,1,0,1,1,South,Wholesaler,Bulk Purchase,20780,3,4282,27.66,9,0,1,3.0
684_94,0,0,0,1,1,1,0,0,1,0,1,0,1,0,1,Central,Wholesaler,Bulk Purchase,11747,67,3743,19.07,4,1,1,2.5
099_3,1,1,0,1,0,0,1,1,1,1,0,1,1,0,1,West,Retailer,Loyalty,25940,46,1275,24.28,5,0,1,4.6
805_19,1,1,1,0,0,1,0,0,0,1,0,1,0,0,0,Central,Retailer,Bulk Purchase,19822,58,1655,24.66,7,0,1,2.3
728_5,1,0,1,0,1,1,0,1,1,1,1,1,1,1,0,South,Retailer,Loyalty,23434,65,2063,27.1,1,1,1,2.7
574_66,1,0,0,0,1,0,0,1,0,1,1,0,0,0,1,West,Wholesaler,Loyalty,13802,1,3889,26.13,5,0,1,2.3
407_3,0,0,1,0,1,1,1,1,1,0,0,1,0,1,1,West,Retailer,Discount,17318,79,3214,29.05,3,1,1,3.7
503_95,0,0,1,1,1,1,1,0,1,1,1,0,0,1,0,East,Wholesaler,Discount,21919,24,4314,16.57,8,0,1,3.5
048_83,1,1,1,1,1,0,0,0,0,0,1,0,0,1,0,South,Wholesaler,Loyalty,24694,40,1643,24.6,0,0,1,2.4
033_48,0,1,0,1,1,1,1,0,0,0,0,1,0,0,0,South,Retailer,Loyalty,27249,20,3553,15.41,8,0,1,1.3
780_25,1,1,1,1,1,1,1,0,1,1,0,1,0,1,1,North,Retailer,Loyalty,14777,39,2195,24.85,9,1,1,1.4
840_25,1,1,0,0,1,1,1,1,0,1,0,0,0,0,1,West,Retailer,Discount,25855,71,4283,23.37,4,0,0,2.7
201_79,1,1,1,1,1,1,1,1,1,1,0,0,0,0,1,West,Retailer,Bulk Purchase,24861,51,1773,-2.02,5,0,1,1.9
135_56,0,0,1,1,0,0,0,1,0,1,1,0,1,0,1,Central,Retailer,Bulk Purchase,24708,70,1020,-7.77,10,1,1,3.5
028_9,0,1,1,1,0,0,1,1,1,0,0,0,1,1,0,West,Wholesaler,Loyalty,19037,35,3262,24.44,0,1,0,1.5
881_99,0,0,1,1,0,1,0,0,0,0,0,1,0,0,0,South,Retailer,Discount,19878,21,4842,24.71,7,0,0,1.2
231_12,0,1,1,0,1,1,1,1,1,0,0,1,0,1,0,West,Retailer,Bulk Purchase,26312,78,2105,-2.9,3,1,0,4.0
490_12,1,0,0,0,1,1,1,1,1,0,1,0,0,0,1,Central,Wholesaler,Discount,19646,47,3858,18.5,5,1,0,4.7
773_59,0,0,1,1,1,0,0,0,0,0,1,1,1,1,1,South,Wholesaler,Loyalty,11057,21,4667,1.26,2,0,0,2.3
379_98,1,1,0,0,1,0,1,1,1,0,0,1,1,0,1,East,Wholesaler,Loyalty,17434,35,1254,24.65,7,0,1,3.9
289_96,1,0,0,0,1,1,1,1,1,0,0,1,0,0,0,Central,Wholesaler,Bulk Purchase,26547,84,4931,-4.93,9,1,1,2.5
419_92,0,1,0,0,0,0,0,1,0,1,1,0,1,1,0,South,Retailer,Discount,11875,4,4607,4.72,2,0,1,1.9
675_14,0,1,0,0,0,0,0,0,0,1,0,1,0,0,0,South,Wholesaler,Loyalty,21425,12,3474,23.81,2,1,0,4.4
392_17,0,1,0,0,0,0,1,0,1,1,0,1,0,1,0,East,Retailer,Discount,26148,38,2182,27.02,0,1,0,4.1
593_11,1,0,1,0,1,1,1,1,0,0,1,1,1,0,1,East,Retailer,Loyalty,28499,39,3953,-0.69,7,0,0,1.9
499_75,1,0,1,1,0,1,1,1,0,0,0,1,0,0,0,North,Wholesaler,Bulk Purchase,19260,32,3055,-1.18,3,1,1,2.6
139_88,1,0,0,1,0,0,1,1,0,0,1,0,1,1,0,Central,Retailer,Loyalty,17797,34,4543,6.87,8,1,1,4.1
063_4,1,0,1,0,1,1,0,1,1,1,0,1,1,1,1,South,Wholesaler,Bulk Purchase,11515,18,2449,4.2,6,0,0,4.3
472_66,0,1,0,0,0,0,0,0,1,0,1,0,0,0,0,East,Wholesaler,Bulk Purchase,28775,28,3490,-5.0,7,0,0,2.8
648_28,0,1,1,0,1,1,0,1,1,1,0,1,1,0,1,South,Wholesaler,Bulk Purchase,16469,9,3866,1.66,8,1,0,1.4
129_82,0,1,1,1,1,1,0,0,0,0,1,0,1,0,0,Central,Retailer,Loyalty,17096,77,2291,20.86,0,0,1,2.2
977_37,0,1,0,1,1,1,1,1,0,1,0,1,1,1,0,West,Wholesaler,Discount,20156,97,2203,12.23,2,0,0,4.4
521_62,0,1,1,1,1,0,1,1,0,0,1,1,0,1,0,Central,Retailer,Bulk Purchase,18168,77,1034,-8.1,2,0,0,3.9
839_76,0,1,1,1,0,1,0,0,0,0,1,0,0,1,0,North,Retailer,Discount,24996,16,3207,22.53,3,1,0,1.7
963_53,0,1,0,1,0,1,1,1,1,0,0,0,0,0,1,East,Wholesaler,Bulk Purchase,13192,84,1684,2.26,10,1,1,4.8
065_72,0,1,0,0,0,0,1,1,0,0,1,0,1,1,1,North,Wholesaler,Loyalty,21939,88,4855,14.26,4,0,1,2.8
813_60,0,0,1,0,0,0,0,1,0,0,0,0,1,1,1,Central,Retailer,Bulk Purchase,14535,45,4144,6.77,6,0,1,4.9
015_94,0,1,0,0,1,0,0,0,1,0,0,0,1,1,1,Central,Wholesaler,Discount,21294,30,4313,-1.78,0,0,0,4.8
157_98,0,1,0,0,0,0,0,1,0,0,1,0,0,0,1,South,Wholesaler,Discount,17905,25,2749,17.23,5,0,0,4.5
041_98,1,0,1,1,0,0,1,0,0,1,1,1,0,1,1,Central,Wholesaler,Bulk Purchase,28109,2,1629,-7.15,8,0,0,1.8
493_78,1,0,1,0,0,1,0,0,0,0,0,0,0,1,0,South,Retailer,Bulk Purchase,11073,48,3523,22.84,0,0,0,3.6
380_8,1,0,0,0,1,0,0,0,0,0,0,1,1,0,0,North,Retailer,Loyalty,19168,57,2741,15.87,2,0,1,4.3
188_5,0,0,0,0,1,1,1,0,0,1,0,0,0,1,0,East,Wholesaler,Loyalty,21446,7,2020,20.55,5,0,0,3.2
764_35,1,1,0,1,1,0,0,0,0,0,0,1,1,0,0,North,Wholesaler,Discount,19483,18,2204,-0.86,9,1,1,2.6
217_69,0,0,1,0,1,1,0,1,0,1,0,0,1,0,0,North,Wholesaler,Discount,18347,53,3262,17.53,3,0,0,1.2
792_69,0,0,1,0,0,1,1,0,1,0,1,0,1,0,0,South,Wholesaler,Discount,15775,26,2348,20.44,2,0,1,3.1
053_37,1,0,1,1,0,1,1,1,0,0,1,0,0,0,0,South,Wholesaler,Bulk Purchase,18209,68,3464,-2.57,8,0,0,3.4
879_27,1,0,1,1,1,1,1,1,0,0,1,1,0,1,1,North,Retailer,Bulk Purchase,27979,73,2302,-3.91,8,1,0,1.6
338_17,1,1,0,0,0,0,0,0,1,1,1,0,1,1,1,North,Retailer,Discount,12703,16,1369,15.41,1,1,0,3.7
749_20,0,1,1,1,1,1,1,1,0,1,0,0,1,0,0,South,Retailer,Discount,12153,60,1611,-9.7,7,1,0,2.3
720_49,1,0,0,1,1,1,0,1,0,0,1,1,1,0,1,West,Wholesaler,Bulk Purchase,24000,23,2500,13.3,9,1,0,1.3
725_42,1,0,0,0,1,0,0,1,0,0,0,1,1,0,1,North,Wholesaler,Loyalty,11354,26,4932,27.02,10,0,1,2.5
296_63,0,0,1,0,1,1,1,0,1,0,0,0,0,0,1,Central,Wholesaler,Bulk Purchase,13580,82,2478,7.37,4,1,1,2.1
702_84,1,0,0,0,1,0,0,0,1,1,0,1,0,0,1,Central,Retailer,Loyalty,18077,31,1027,0.0,0,0,1,1.6
252_57,1,1,0,1,0,1,0,1,1,0,0,0,1,0,1,North,Wholesaler,Loyalty,21894,1,3741,12.26,9,1,0,1.7
727_33,0,0,0,0,1,0,0,0,1,1,0,0,0,1,0,North,Wholesaler,Loyalty,27858,16,2773,27.18,7,1,1,5.0
462_31,1,1,1,0,1,0,0,0,0,1,0,0,0,0,0,West,Retailer,Loyalty,13288,80,2541,-8.22,7,1,0,3.5
456_20,1,0,0,1,1,1,0,0,1,0,0,1,0,1,0,Central,Retailer,Bulk Purchase,12555,97,1498,28.83,0,0,1,3.4
997_84,0,0,0,1,0,0,1,1,1,1,0,0,0,0,0,East,Wholesaler,Discount,21793,38,1591,29.5,7,1,0,2.0
816_35,0,1,1,1,1,0,1,1,1,0,0,1,0,1,0,Central,Retailer,Bulk Purchase,26415,2,2235,5.49,7,0,1,2.6
863_45,1,0,0,1,1,1,0,0,1,1,1,0,0,1,0,North,Wholesaler,Bulk Purchase,20613,48,4222,22.91,3,1,1,2.0
270_6,0,0,1,1,1,1,1,1,0,1,1,1,1,0,0,North,Retailer,Discount,25450,13,2336,-7.94,8,0,1,2.1
202_57,0,1,0,1,1,0,0,0,0,0,1,0,1,1,1,West,Retailer,Bulk Purchase,16227,7,4277,19.14,6,0,0,1.0
162_86,0,0,1,0,0,0,1,1,1,1,0,1,0,1,0,North,Wholesaler,Loyalty,18363,95,2487,25.65,4,1,0,1.4
556_32,1,0,0,1,1,1,1,1,1,0,1,0,1,1,1,South,Wholesaler,Bulk Purchase,15246,12,2450,11.01,3,1,0,3.7
730_78,1,0,0,1,1,1,0,1,1,0,0,0,1,1,1,East,Wholesaler,Bulk Purchase,28843,64,4776,-1.64,5,1,1,3.8
402_65,1,0,1,0,1,0,0,0,0,0,1,0,0,1,0,West,Wholesaler,Bulk Purchase,11090,19,1365,21.0,7,0,1,3.0
703_8,0,1,0,1,0,0,1,1,1,1,1,1,1,0,1,West,Retailer,Loyalty,17129,1,1055,12.05,5,0,0,2.0
477_96,1,1,0,1,0,0,0,1,0,1,0,0,1,1,0,West,Wholesaler,Discount,23336,76,4964,16.12,7,1,1,4.9
822_26,1,1,1,0,1,1,1,1,1,1,0,1,0,0,0,West,Wholesaler,Loyalty,20858,71,3714,-5.57,4,1,0,1.3
772_17,1,1,1,1,1,0,1,1,0,0,0,0,0,1,1,North,Wholesaler,Discount,10334,19,3069,12.24,0,1,1,3.7
106_45,1,1,1,1,0,1,0,0,0,0,0,1,1,0,1,South,Retailer,Loyalty,24753,79,3230,28.03,2,0,1,2.4
566_45,0,1,1,1,0,0,0,1,1,0,1,0,0,0,0,North,Retailer,Loyalty,20896,29,2055,-6.02,6,0,0,2.2
390_73,0,0,0,1,1,0,1,0,1,1,0,1,1,1,1,South,Wholesaler,Bulk Purchase,15173,85,3406,3.25,7,1,1,4.3
002_32,0,0,1,1,0,1,1,0,1,0,0,0,1,1,0,Central,Retailer,Bulk Purchase,21026,38,3691,28.91,3,0,1,1.9
938_45,1,0,1,0,0,1,1,0,1,1,1,0,1,0,0,South,Wholesaler,Bulk Purchase,22779,85,1235,23.44,4,0,0,2.5
983_27,1,0,0,0,0,0,0,1,1,0,0,1,0,1,1,East,Retailer,Bulk Purchase,18972,80,4526,12.25,1,1,1,2.9
562_93,0,1,1,0,1,0,1,1,1,1,0,0,0,0,1,North,Retailer,Discount,23961,48,2726,-1.69,8,0,0,2.1
081_22,1,0,1,0,0,1,0,1,1,1,0,1,0,0,1,North,Retailer,Bulk Purchase,25199,59,1673,2.02,3,1,1,1.9
206_99,1,0,0,0,1,0,1,0,0,1,1,1,0,1,1,North,Retailer,Bulk Purchase,23208,54,2849,-5.26,3,0,1,3.8
035_85,0,0,1,1,0,1,1,0,0,0,0,0,0,1,0,North,Retailer,Loyalty,28969,70,2256,-0.5,3,1,1,4.2
776_45,1,0,1,0,0,0,0,1,1,1,1,0,1,0,1,Central,Retailer,Discount,17832,55,1427,-2.39,3,0,1,3.5
509_6,1,1,1,0,0,0,0,1,0,1,0,1,1,0,0,North,Retailer,Discount,13686,44,2305,27.15,7,1,1,2.5
428_24,0,0,0,0,1,1,0,1,0,1,0,0,1,1,1,Central,Wholesaler,Loyalty,14370,97,2207,3.24,1,1,0,2.9
455_5,0,1,1,1,1,1,1,0,0,0,0,0,1,0,1,Central,Retailer,Discount,29321,23,3697,15.27,9,1,1,1.1
367_16,0,1,0,0,0,0,1,0,1,0,1,1,0,1,1,South,Wholesaler,Bulk Purchase,18021,59,3321,23.24,2,0,0,2.4
092_75,1,1,1,1,0,0,1,0,0,1,1,0,0,1,0,West,Retailer,Bulk Purchase,13237,1,2504,18.81,2,0,1,3.3
340_80,1,0,1,0,0,0,0,0,1,0,0,0,1,0,0,West,Wholesaler,Loyalty,25920,11,2797,18.67,9,0,1,1.8
898_73,1,1,0,1,0,1,0,1,0,1,0,1,1,0,1,South,Retailer,Discount,14093,30,1104,9.89,6,1,0,4.1
565_20,0,0,1,1,0,0,1,1,1,1,0,0,0,1,1,West,Retailer,Bulk Purchase,21304,41,1102,26.47,3,1,0,1.2
346_3,0,1,0,1,0,0,1,1,0,1,1,0,0,0,1,North,Retailer,Bulk Purchase,29023,68,2790,28.0,5,0,1,1.2
777_90,1,0,1,1,1,1,0,0,1,0,0,0,1,1,0,West,Retailer,Loyalty,26976,9,2455,12.34,4,0,0,4.4
242_81,1,0,1,1,0,0,1,1,1,0,1,1,1,1,0,South,Wholesaler,Bulk Purchase,19300,19,1405,29.5,6,0,0,3.8
014_50,0,1,1,1,0,1,0,0,1,1,1,0,1,1,1,South,Retailer,Loyalty,25893,71,1488,21.58,8,0,0,4.1
316_11,0,0,0,1,0,0,0,0,0,0,1,0,0,0,0,Central,Retailer,Discount,15666,37,2013,0.77,4,1,1,2.8
601_49,0,1,1,0,0,0,0,0,0,0,0,1,1,0,1,Central,Wholesaler,Bulk Purchase,15047,16,2281,29.91,0,0,0,2.8
388_86,1,0,1,1,1,1,0,0,1,1,0,0,1,0,1,South,Retailer,Loyalty,10444,29,4101,5.59,2,0,0,4.5
274_3,1,0,0,0,0,0,1,1,1,0,1,0,1,0,0,Central,Wholesaler,Bulk Purchase,19474,94,2569,29.1,6,1,0,3.9
167_61,1,0,1,1,1,1,1,0,0,1,0,1,0,1,0,West,Wholesaler,Bulk Purchase,21245,8,1986,23.47,10,0,1,4.8
841_3,1,1,1,0,1,0,0,1,0,1,0,1,1,1,1,North,Retailer,Discount,25773,76,2031,17.91,9,0,1,1.2
993_90,1,1,0,1,1,1,1,1,1,0,0,0,1,0,1,South,Retailer,Loyalty,24471,62,4196,3.72,1,1,1,2.8
647_55,1,1,1,1,0,0,1,1,1,0,1,0,0,1,0,North,Retailer,Discount,12723,36,2054,-6.99,1,0,0,4.9
819_86,0,0,1,1,1,0,1,0,0,0,1,0,0,1,0,North,Retailer,Discount,28942,44,4176,19.34,3,0,0,2.8
485_83,1,1,1,1,1,0,0,0,1,1,0,0,1,1,0,North,Wholesaler,Discount,20857,26,1688,-3.86,5,0,0,1.2
981_6,0,0,0,1,1,1,1,1,0,1,0,1,0,1,1,West,Wholesaler,Discount,16985,5,2561,0.62,2,1,1,1.6
505_94,1,0,1,1,1,1,0,0,1,1,0,1,1,0,1,Central,Wholesaler,Discount,17650,86,3540,12.83,1,1,0,3.9
832_67,0,1,0,1,1,1,0,0,1,0,1,0,0,0,0,North,Wholesaler,Discount,12031,94,4062,22.52,9,1,1,1.4
244_5,1,1,0,0,0,1,1,1,0,0,0,1,1,1,0,Central,Wholesaler,Discount,21274,49,4880,7.23,0,0,1,1.2
567_47,1,1,0,1,1,1,1,0,0,1,1,0,1,1,0,Central,Retailer,Loyalty,11882,34,3160,3.26,3,0,1,1.4
876_51,0,0,0,1,1,1,0,1,1,0,0,0,0,0,1,Central,Wholesaler,Discount,16320,66,4743,28.11,6,0,1,1.1
563_56,0,0,1,0,0,0,0,1,0,1,1,1,0,1,0,East,Retailer,Discount,25895,23,2855,12.98,1,1,0,4.1
687_13,0,1,0,1,0,1,0,1,1,0,1,0,1,1,1,North,Wholesaler,Bulk Purchase,23053,51,4972,11.84,7,1,0,4.0
190_10,1,1,0,0,0,0,0,0,0,0,0,1,1,0,0,South,Retailer,Bulk Purchase,29164,18,2406,-0.49,6,1,1,3.2
783_23,0,1,0,1,1,1,1,0,0,1,0,0,1,0,1,South,Wholesaler,Bulk Purchase,26425,22,4022,13.29,8,1,1,3.9
700_43,0,0,1,0,0,0,1,0,0,0,1,1,1,1,0,Central,Retailer,Bulk Purchase,16732,1,3665,10.9,8,1,1,5.0
476_46,1,1,1,1,1,1,0,1,1,0,0,0,0,1,1,Central,Retailer,Bulk Purchase,22654,62,4222,24.16,3,0,1,3.3
682_55,0,1,0,1,0,0,1,0,0,0,0,0,1,1,0,Central,Wholesaler,Loyalty,14534,75,1264,0.19,9,1,0,2.0
511_94,1,0,0,1,0,0,1,1,1,0,0,0,1,1,0,North,Wholesaler,Loyalty,19721,51,2573,2.2,2,0,1,1.6
059_93,1,1,1,1,0,1,0,1,0,1,0,1,1,1,1,North,Wholesaler,Bulk Purchase,15662,26,1438,11.28,6,1,0,3.0
475_60,0,1,0,1,1,0,0,1,1,0,1,0,1,1,0,West,Wholesaler,Loyalty,28120,24,4806,22.65,3,0,1,4.4
561_79,1,0,0,0,0,1,1,1,0,0,0,0,1,1,1,West,Retailer,Bulk Purchase,22771,55,4460,5.35,8,0,0,1.4
857_72,0,0,1,1,1,0,1,0,0,1,1,1,0,0,0,South,Retailer,Bulk Purchase,29164,59,4864,9.61,6,1,0,1.2
748_50,1,0,1,1,1,0,1,1,1,1,1,1,1,0,1,North,Wholesaler,Bulk Purchase,18589,86,2531,19.4,1,1,1,3.2
253_67,1,0,1,0,0,0,1,1,1,0,0,0,1,1,0,East,Retailer,Loyalty,18145,51,4147,10.95,10,0,1,4.3
022_48,1,1,1,1,1,0,1,0,1,1,1,0,1,0,1,Central,Wholesaler,Loyalty,28484,34,1747,10.67,8,1,1,2.1
314_79,0,0,1,1,1,0,1,0,1,0,1,0,0,0,1,West,Retailer,Loyalty,14165,19,3251,23.79,7,0,0,3.9
460_3,1,1,1,1,0,1,1,1,1,1,1,1,1,0,0,North,Wholesaler,Discount,14776,67,1152,9.06,10,0,1,1.3
161_17,0,1,0,1,1,1,1,1,1,1,0,1,1,1,1,South,Wholesaler,Bulk Purchase,22900,70,3259,17.83,2,1,1,4.1
277_3,1,0,0,1,0,1,1,0,0,0,1,0,0,0,1,North,Wholesaler,Loyalty,19784,17,1024,10.72,2,1,0,4.0
956_92,1,1,1,1,0,1,0,1,1,0,1,0,0,0,0,South,Wholesaler,Loyalty,19758,15,1531,6.22,4,1,0,1.1
192_50,1,0,1,1,1,0,0,1,1,1,0,0,0,0,0,South,Wholesaler,Loyalty,29281,55,2927,-1.63,8,0,1,2.8
386_98,0,0,0,0,1,1,1,0,0,1,0,0,1,1,1,Central,Retailer,Loyalty,18083,13,3190,-9.47,3,0,0,2.9
806_40,1,0,1,0,0,1,1,1,1,0,0,0,0,0,0,North,Wholesaler,Bulk Purchase,25097,43,3679,7.91,5,0,1,1.2
414_33,1,0,0,1,1,1,0,1,1,0,1,1,0,1,0,South,Wholesaler,Bulk Purchase,23776,3,1119,7.56,6,1,0,3.8
492_57,1,1,0,1,0,0,1,1,1,0,1,0,1,0,1,Central,Wholesaler,Loyalty,27751,34,4616,11.59,8,0,1,4.2
344_26,1,1,0,1,1,1,1,0,0,0,1,0,0,1,1,Central,Wholesaler,Discount,25417,96,3779,10.22,10,1,1,2.9
770_3,0,0,1,1,1,1,1,1,1,0,1,0,1,0,0,Central,Retailer,Loyalty,19781,69,1049,-5.36,10,0,0,3.6
309_24,0,0,0,1,1,0,1,0,1,0,0,0,1,0,1,North,Wholesaler,Bulk Purchase,28862,46,1380,3.13,6,1,1,2.3
662_74,0,1,0,1,0,0,1,1,1,1,0,1,0,1,0,East,Retailer,Bulk Purchase,11507,47,4218,-5.97,6,0,1,5.0
131_80,1,0,0,1,1,0,1,0,0,0,0,0,0,1,1,East,Retailer,Discount,25692,80,3833,3.23,2,0,1,3.3
664_22,0,0,0,1,0,0,1,1,1,1,0,1,1,1,0,West,Retailer,Loyalty,11343,45,2596,16.16,7,1,0,3.3
872_94,0,0,0,1,0,0,1,1,0,1,1,0,1,1,1,South,Wholesaler,Bulk Purchase,10876,34,4382,22.18,10,0,0,1.1
100_52,0,1,0,1,0,1,1,1,1,0,1,1,0,1,0,West,Retailer,Bulk Purchase,19816,33,1834,14.99,2,0,1,4.7
373_94,0,1,0,0,1,1,1,1,1,1,1,1,0,0,0,Central,Retailer,Bulk Purchase,18447,56,2405,2.81,3,0,1,4.7
088_28,1,1,0,1,0,0,0,0,0,0,1,1,0,0,1,Central,Retailer,Discount,10448,63,2257,25.19,4,0,1,3.2
459_91,0,0,1,1,1,0,1,1,1,0,0,1,0,0,0,West,Retailer,Discount,13593,2,3709,-2.71,6,1,0,3.8
331_43,0,0,1,1,0,0,1,0,0,1,0,1,1,1,1,West,Retailer,Discount,24401,16,4403,-8.73,5,0,1,1.3
215_4,0,1,1,0,1,0,1,1,1,0,0,0,0,1,1,East,Wholesaler,Loyalty,13554,21,4729,11.09,1,1,1,2.9
467_31,1,0,0,1,0,0,0,0,1,0,0,0,0,0,1,West,Retailer,Bulk Purchase,23675,65,1174,6.34,10,1,0,2.7
122_10,1,1,1,0,1,0,1,1,0,0,1,1,1,0,1,West,Retailer,Loyalty,10752,89,1761,2.98,0,0,1,1.5
615_59,0,1,0,0,0,0,1,1,0,0,1,1,0,1,1,South,Wholesaler,Loyalty,16244,79,4504,-1.34,9,1,1,3.2
021_39,0,0,1,0,0,1,1,0,0,1,1,1,1,0,1,Central,Retailer,Loyalty,15106,49,1023,-2.11,5,0,1,1.4
701_69,0,0,0,1,0,1,0,0,0,0,1,1,1,1,1,North,Retailer,Loyalty,11759,90,1162,2.4,2,1,0,2.4
072_27,0,0,1,0,0,0,0,1,1,0,0,0,0,1,1,East,Retailer,Loyalty,14269,37,2019,13.57,0,0,0,4.7
107_28,0,1,0,0,1,1,0,0,0,1,0,1,0,0,1,South,Wholesaler,Loyalty,15010,30,1944,26.19,1,0,0,2.6
271_3,0,1,1,0,0,0,1,1,0,0,0,0,0,0,1,East,Retailer,Bulk Purchase,23220,94,2367,13.88,0,1,1,4.1
861_63,0,1,1,0,1,0,1,1,0,1,0,1,0,1,1,North,Wholesaler,Bulk Purchase,25231,29,4091,-2.5,4,1,0,4.7
436_3,0,1,0,0,0,0,1,0,0,0,0,1,1,0,0,West,Wholesaler,Loyalty,25649,77,1593,14.67,0,0,1,2.9
103_4,1,0,1,1,1,1,0,1,0,0,0,0,1,0,1,East,Retailer,Bulk Purchase,27788,98,2784,-3.68,0,1,0,4.5
